Timestamp,station,label,Pressure,Flow,ActivePowerTotal,ActivePowerL1,ActivePowerL2,ActivePowerL3,CurrentL1,CurrentL2,CurrentL3,VoltageL1,VoltageL2,VoltageL3,PowerFactorL1,PowerFactorL2,PowerFactorL3,ReactivePowerTotal,ReactivePowerL1,ReactivePowerL2,ReactivePowerL3,Frequency
14:55:02,CP_ALL,NORMAL_RUN3,7.175,0.0,412.35,91.64,231.25,89.46,0.723,1.342,0.481,229.86,229.81,231.04,,,,-387.02,-132.95,-191.12,-62.95,50.04
14:55:03,CP_ALL,NORMAL_RUN3,7.174,0.0,411.31,90.99,230.99,89.32,0.721,1.34,0.48,229.92,229.89,231.12,,,,-387.03,-132.92,-191.11,-63.0,50.04
14:55:04,CP_ALL,NORMAL_RUN3,7.173,0.0,411.47,91.17,230.88,89.42,0.722,1.34,0.481,230.01,229.96,231.19,,,,-387.31,-133.04,-191.21,-63.05,50.05
14:55:05,CP_ALL,NORMAL_RUN3,7.173,0.0,411.68,91.72,230.67,89.28,0.723,1.339,0.48,230.05,230.0,231.23,,,,-387.56,-133.19,-191.3,-63.08,50.05
14:55:06,CP_ALL,NORMAL_RUN3,7.173,0.0,411.99,91.5,231.01,89.48,0.723,1.34,0.481,230.03,229.99,231.22,,,,-387.6,-133.07,-191.44,-63.1,50.05
14:55:07,CP_ALL,NORMAL_RUN3,7.173,0.0,411.75,91.51,230.88,89.36,0.723,1.34,0.48,230.01,229.99,231.2,,,,-387.63,-133.06,-191.51,-63.06,50.06
14:55:08,CP_ALL,NORMAL_RUN3,7.172,0.0,412.01,91.17,231.36,89.48,0.722,1.342,0.481,229.95,229.94,231.14,,,,-387.62,-133.04,-191.53,-63.06,50.06
14:55:09,CP_ALL,NORMAL_RUN3,7.17,0.0,412.41,91.07,232.0,89.34,0.722,1.345,0.48,230.02,229.98,231.19,,,,-387.85,-133.06,-191.73,-63.06,50.06
14:55:10,CP_ALL,NORMAL_RUN3,7.171,0.0,412.05,91.51,231.15,89.39,0.723,1.341,0.48,229.99,229.94,231.16,,,,-387.53,-133.05,-191.44,-63.04,50.06
14:55:11,CP_ALL,NORMAL_RUN3,7.173,0.0,410.82,90.83,230.65,89.34,0.721,1.339,0.48,230.06,230.02,231.24,,,,-387.35,-133.0,-191.3,-63.06,50.06
14:55:12,CP_ALL,NORMAL_RUN3,7.173,0.0,410.72,90.77,230.52,89.43,0.721,1.338,0.48,230.1,230.02,231.26,,,,-387.48,-133.07,-191.34,-63.07,50.06
14:55:13,CP_ALL,NORMAL_RUN3,7.173,0.0,411.75,91.44,230.81,89.5,0.723,1.34,0.481,230.14,230.05,231.31,,,,-387.86,-133.26,-191.49,-63.1,50.06
14:55:14,CP_ALL,NORMAL_RUN3,7.173,0.0,411.62,91.34,230.79,89.49,0.722,1.339,0.481,230.11,230.04,231.32,,,,-387.76,-133.22,-191.42,-63.11,50.06
14:55:15,CP_ALL,NORMAL_RUN3,7.17,0.0,412.38,91.3,231.36,89.73,0.722,1.342,0.482,230.13,230.03,231.34,,,,-388.02,-133.19,-191.66,-63.17,50.06
14:55:16,CP_ALL,NORMAL_RUN3,7.17,0.0,413.08,91.21,232.2,89.68,0.722,1.345,0.482,230.1,230.01,231.33,,,,-387.99,-133.1,-191.68,-63.2,50.06
14:55:17,CP_ALL,NORMAL_RUN3,7.17,0.0,410.54,90.49,230.52,89.53,0.719,1.338,0.481,230.09,229.98,231.29,,,,-387.36,-132.96,-191.27,-63.12,50.06
14:55:18,CP_ALL,NORMAL_RUN3,7.168,0.0,410.62,90.53,230.39,89.7,0.72,1.338,0.482,230.07,229.98,231.26,,,,-387.24,-133.02,-191.11,-63.12,50.06
14:55:19,CP_ALL,NORMAL_RUN3,7.168,0.0,407.26,90.37,227.25,89.64,0.719,1.322,0.481,230.08,230.02,231.3,,,,-385.96,-132.89,-189.92,-63.14,50.06
14:55:20,CP_ALL,NORMAL_RUN3,7.168,0.0,406.86,90.42,226.63,89.81,0.72,1.319,0.482,230.06,230.03,231.36,,,,-385.81,-132.96,-189.66,-63.18,50.06
14:55:21,CP_ALL,NORMAL_RUN3,7.168,0.0,406.58,90.56,226.33,89.69,0.72,1.318,0.482,230.13,230.0,231.34,,,,-385.79,-133.03,-189.57,-63.19,50.06
14:55:22,CP_ALL,NORMAL_RUN3,7.168,0.0,407.01,90.53,226.6,89.89,0.72,1.319,0.482,230.21,230.08,231.42,,,,-385.99,-133.08,-189.68,-63.24,50.06
14:55:23,CP_ALL,NORMAL_RUN3,7.167,0.0,407.9,90.67,227.09,90.13,0.72,1.321,0.483,230.26,230.15,231.46,,,,-386.48,-133.14,-190.04,-63.3,50.06
14:55:24,CP_ALL,NORMAL_RUN3,7.167,0.0,408.12,90.56,227.73,89.83,0.72,1.324,0.482,230.19,230.13,231.42,,,,-386.49,-133.07,-190.17,-63.25,50.06
14:55:25,CP_ALL,NORMAL_RUN3,7.168,0.0,407.43,90.5,227.17,89.76,0.72,1.321,0.482,230.33,230.28,231.58,,,,-386.54,-133.2,-190.03,-63.31,50.06
14:55:26,CP_ALL,NORMAL_RUN3,7.168,0.0,406.63,90.64,226.28,89.71,0.72,1.317,0.481,230.35,230.28,231.53,,,,-386.34,-133.16,-189.9,-63.28,50.06
14:55:27,CP_ALL,NORMAL_RUN3,7.168,0.0,406.3,90.58,226.04,89.68,0.72,1.316,0.481,230.24,230.16,231.44,,,,-386.07,-133.1,-189.75,-63.21,50.06
14:55:28,CP_ALL,NORMAL_RUN3,7.168,0.0,407.11,90.68,226.77,89.67,0.721,1.319,0.481,230.29,230.21,231.51,,,,-386.45,-133.28,-189.92,-63.25,50.06
14:55:29,CP_ALL,NORMAL_RUN3,7.168,0.0,406.23,90.44,225.83,89.96,0.719,1.316,0.482,230.25,230.14,231.48,,,,-386.08,-133.08,-189.69,-63.32,50.06
14:55:30,CP_ALL,NORMAL_RUN3,7.162,0.0,408.02,90.53,227.51,89.98,0.72,1.322,0.483,230.33,230.17,231.52,,,,-386.47,-133.13,-189.98,-63.35,50.06
14:55:31,CP_ALL,NORMAL_RUN3,7.164,0.0,407.69,90.52,227.47,89.7,0.72,1.322,0.481,230.39,230.24,231.6,,,,-386.54,-133.21,-189.99,-63.34,50.06
14:55:32,CP_ALL,NORMAL_RUN3,7.165,0.0,406.94,90.55,226.78,89.61,0.72,1.319,0.481,230.45,230.32,231.69,,,,-386.75,-133.38,-190.06,-63.31,50.06
14:55:33,CP_ALL,NORMAL_RUN3,7.163,0.0,406.77,90.53,226.71,89.52,0.72,1.319,0.481,230.42,230.25,231.65,,,,-386.57,-133.24,-190.09,-63.23,50.06
14:55:34,CP_ALL,NORMAL_RUN3,7.162,0.0,406.81,90.58,226.72,89.51,0.72,1.319,0.48,230.46,230.28,231.64,,,,-386.6,-133.32,-190.02,-63.26,50.06
14:55:35,CP_ALL,NORMAL_RUN3,7.162,0.0,407.36,90.55,227.05,89.75,0.72,1.32,0.481,230.44,230.33,231.69,,,,-386.78,-133.33,-190.1,-63.35,50.07
14:55:36,CP_ALL,NORMAL_RUN3,7.16,0.0,408.03,90.54,227.92,89.57,0.72,1.323,0.481,230.37,230.27,231.61,,,,-386.77,-133.31,-190.17,-63.29,50.06
14:55:37,CP_ALL,NORMAL_RUN3,7.159,0.0,408.34,90.46,228.18,89.7,0.72,1.324,0.481,230.35,230.24,231.6,,,,-386.66,-133.24,-190.14,-63.28,50.06
14:55:38,CP_ALL,NORMAL_RUN3,7.162,0.0,407.94,90.63,227.34,89.97,0.721,1.321,0.482,230.34,230.22,231.57,,,,-386.73,-133.34,-190.1,-63.29,50.06
14:55:39,CP_ALL,NORMAL_RUN3,7.162,0.0,406.81,90.63,226.84,89.34,0.72,1.319,0.48,230.36,230.21,231.56,,,,-386.22,-133.27,-189.76,-63.19,50.06
14:55:40,CP_ALL,NORMAL_RUN3,7.162,0.0,406.47,90.47,226.68,89.32,0.72,1.319,0.48,230.33,230.17,231.58,,,,-386.29,-133.22,-189.83,-63.24,50.06
14:55:41,CP_ALL,NORMAL_RUN3,7.162,0.0,406.61,90.4,226.8,89.41,0.719,1.319,0.48,230.33,230.13,231.56,,,,-386.23,-133.17,-189.8,-63.26,50.06
14:55:42,CP_ALL,NORMAL_RUN3,7.162,0.0,407.31,90.39,227.54,89.38,0.719,1.322,0.48,230.35,230.19,231.55,,,,-386.34,-133.2,-189.91,-63.23,50.06
14:55:43,CP_ALL,NORMAL_RUN3,7.162,0.0,408.15,90.43,228.18,89.54,0.72,1.325,0.481,230.31,230.15,231.49,,,,-386.42,-133.14,-190.06,-63.21,50.05
14:55:44,CP_ALL,NORMAL_RUN3,7.16,0.0,407.9,90.07,228.44,89.4,0.718,1.326,0.48,230.24,230.11,231.47,,,,-386.07,-132.92,-189.99,-63.17,50.05
14:55:45,CP_ALL,NORMAL_RUN3,7.158,0.0,393.58,74.8,229.26,89.53,0.654,1.329,0.481,230.37,230.19,231.6,,,,-379.52,-126.1,-190.15,-63.28,50.05
14:55:46,CP_ALL,NORMAL_RUN3,7.135,0.0,402.13,85.32,227.5,89.31,0.7,1.322,0.48,230.31,230.15,231.53,,,,-384.52,-131.36,-189.96,-63.2,50.05
14:55:47,CP_ALL,NORMAL_RUN3,7.149,0.0,404.92,88.06,227.44,89.42,0.71,1.321,0.48,230.32,230.13,231.5,,,,-385.38,-132.39,-189.83,-63.16,50.05
14:55:48,CP_ALL,NORMAL_RUN3,7.158,0.0,404.84,86.96,228.22,89.67,0.708,1.324,0.481,230.4,230.15,231.53,,,,-385.85,-132.45,-190.13,-63.27,50.05
14:55:49,CP_ALL,NORMAL_RUN3,7.129,0.0,414.15,95.55,229.24,89.36,0.74,1.328,0.48,230.33,230.22,231.48,,,,-388.74,-135.26,-190.29,-63.19,50.05
14:55:50,CP_ALL,NORMAL_RUN3,7.109,0.794,411.95,93.72,228.96,89.26,0.732,1.327,0.48,230.36,230.35,231.56,,,,-387.91,-134.3,-190.43,-63.18,50.06
14:55:51,CP_ALL,NORMAL_RUN3,7.145,0.0,408.9,91.34,228.2,89.37,0.724,1.324,0.48,230.27,230.26,231.47,,,,-387.23,-133.84,-190.25,-63.14,50.05
14:55:52,CP_ALL,NORMAL_RUN3,7.156,0.0,393.06,75.23,228.5,89.34,0.654,1.326,0.48,230.31,230.25,231.45,,,,-379.37,-125.99,-190.23,-63.16,50.05
14:55:53,CP_ALL,NORMAL_RUN3,7.155,0.0,390.38,71.7,229.28,89.4,0.64,1.329,0.48,230.55,230.42,231.64,,,,-378.62,-124.84,-190.54,-63.24,50.05
14:55:54,CP_ALL,NORMAL_RUN3,7.157,0.0,403.29,85.25,228.54,89.5,0.699,1.326,0.481,230.54,230.45,231.61,,,,-385.45,-131.63,-190.53,-63.29,50.05
14:55:55,CP_ALL,NORMAL_RUN3,7.152,0.0,390.57,72.29,228.97,89.31,0.643,1.327,0.48,230.67,230.54,231.76,,,,-379.23,-125.26,-190.7,-63.27,50.05
14:55:56,CP_ALL,NORMAL_RUN3,7.144,0.0,401.92,82.75,229.79,89.38,0.689,1.33,0.48,230.63,230.54,231.78,,,,-385.15,-131.07,-190.81,-63.28,50.05
14:55:57,CP_ALL,NORMAL_RUN3,7.153,0.0,413.41,94.58,229.49,89.34,0.736,1.329,0.48,230.55,230.48,231.7,,,,-388.71,-134.51,-190.93,-63.28,50.05
14:55:58,CP_ALL,NORMAL_RUN3,7.152,0.0,434.82,116.61,228.82,89.4,0.824,1.326,0.48,230.59,230.56,231.77,,,,-396.35,-142.27,-190.75,-63.33,50.06
14:55:59,CP_ALL,NORMAL_RUN3,7.148,0.0,419.07,101.1,228.7,89.26,0.761,1.326,0.48,230.58,230.5,231.76,,,,-390.79,-136.8,-190.7,-63.28,50.06
14:56:00,CP_ALL,NORMAL_RUN3,7.151,0.0,412.62,93.71,229.44,89.47,0.73,1.329,0.48,230.59,230.51,231.72,,,,-388.32,-134.17,-190.84,-63.32,50.06
14:56:01,CP_ALL,NORMAL_RUN3,7.152,0.0,409.16,92.57,227.22,89.37,0.726,1.32,0.48,230.61,230.53,231.77,,,,-387.6,-133.84,-190.44,-63.32,50.06
14:56:02,CP_ALL,NORMAL_RUN3,7.121,0.0,409.16,92.55,227.24,89.38,0.726,1.321,0.48,230.58,230.53,231.76,,,,-387.69,-133.86,-190.49,-63.34,50.06
14:56:03,CP_ALL,NORMAL_RUN3,7.147,0.0,427.07,110.46,227.26,89.35,0.802,1.321,0.48,230.51,230.52,231.72,,,,-394.39,-140.66,-190.43,-63.3,50.06
14:56:04,CP_ALL,NORMAL_RUN3,7.15,0.0,460.87,144.26,227.2,89.42,0.932,1.32,0.48,230.46,230.56,231.73,,,,-404.56,-150.74,-190.53,-63.29,50.06
14:56:05,CP_ALL,NORMAL_RUN3,7.147,0.0,449.03,131.75,227.79,89.49,0.88,1.322,0.48,230.52,230.58,231.77,,,,-400.09,-146.11,-190.67,-63.32,50.06
14:56:06,CP_ALL,NORMAL_RUN3,7.128,0.0,418.61,100.77,227.92,89.92,0.761,1.323,0.482,230.55,230.55,231.77,,,,-390.9,-136.87,-190.64,-63.39,50.06
14:56:07,CP_ALL,NORMAL_RUN3,7.138,0.0,411.98,94.22,227.99,89.77,0.734,1.324,0.481,230.52,230.54,231.76,,,,-388.66,-134.58,-190.71,-63.37,50.06
14:56:08,CP_ALL,NORMAL_RUN3,7.137,0.0,405.78,87.98,227.38,90.42,0.71,1.321,0.484,230.51,230.5,231.72,,,,-386.24,-132.34,-190.45,-63.46,50.06
14:56:09,CP_ALL,NORMAL_RUN3,7.144,0.0,408.37,90.2,227.71,90.46,0.72,1.323,0.485,230.27,230.23,231.43,,,,-386.99,-133.41,-190.23,-63.35,50.05
14:56:10,CP_ALL,NORMAL_RUN3,7.122,0.0,415.13,96.49,228.66,89.98,0.744,1.326,0.483,230.34,230.34,231.53,,,,-389.15,-135.52,-190.34,-63.29,50.05
14:56:11,CP_ALL,NORMAL_RUN3,7.099,0.778,414.15,95.83,228.13,90.2,0.74,1.324,0.483,230.34,230.35,231.56,,,,-388.62,-135.05,-190.22,-63.35,50.06
14:56:12,CP_ALL,NORMAL_RUN3,7.133,0.0,411.81,92.86,228.95,90.0,0.731,1.328,0.483,230.31,230.33,231.55,,,,-387.72,-134.17,-190.27,-63.28,50.06
14:56:13,CP_ALL,NORMAL_RUN3,7.146,0.0,394.68,76.87,227.8,90.01,0.664,1.325,0.483,230.37,230.37,231.5,,,,-380.16,-126.77,-190.1,-63.29,50.06
14:56:14,CP_ALL,NORMAL_RUN3,7.145,0.0,386.22,69.07,226.84,90.31,0.633,1.322,0.484,230.23,230.2,231.39,,,,-376.09,-122.97,-189.89,-63.23,50.05
14:56:15,CP_ALL,NORMAL_RUN3,7.147,0.0,386.49,69.01,227.58,89.9,0.631,1.324,0.483,230.32,230.27,231.46,,,,-376.27,-123.08,-189.95,-63.23,50.06
14:56:16,CP_ALL,NORMAL_RUN3,7.144,0.0,402.13,84.67,227.7,89.77,0.698,1.323,0.482,230.34,230.38,231.52,,,,-384.69,-131.24,-190.19,-63.25,50.06
14:56:17,CP_ALL,NORMAL_RUN3,7.141,0.0,389.04,71.96,227.45,89.63,0.642,1.322,0.481,230.32,230.3,231.48,,,,-377.47,-123.98,-190.25,-63.25,50.06
14:56:18,CP_ALL,NORMAL_RUN3,7.139,0.0,402.63,84.5,228.54,89.59,0.696,1.326,0.481,230.3,230.31,231.54,,,,-382.81,-129.21,-190.39,-63.21,50.06
14:56:19,CP_ALL,NORMAL_RUN3,7.144,0.0,448.32,96.34,262.53,89.45,0.743,1.475,0.48,230.21,230.17,231.48,,,,-397.45,-135.1,-199.2,-63.15,50.06
14:56:20,CP_ALL,NORMAL_RUN3,7.14,0.0,532.28,121.36,321.49,89.44,0.843,1.762,0.48,230.26,230.16,231.63,,,,-411.58,-143.68,-204.7,-63.2,50.06
14:56:21,CP_ALL,NORMAL_RUN3,7.141,0.0,555.38,96.29,369.48,89.61,0.741,2.058,0.481,230.39,230.12,231.67,,,,-402.22,-134.93,-204.1,-63.19,50.06
14:56:22,CP_ALL,NORMAL_RUN3,7.129,0.0,494.45,93.27,311.79,89.4,0.729,1.693,0.48,230.35,230.19,231.63,,,,-401.83,-133.85,-204.81,-63.18,50.06
14:56:23,CP_ALL,NORMAL_RUN3,7.143,0.0,523.86,92.44,341.19,90.23,0.726,1.925,0.484,230.18,229.93,231.44,,,,-401.29,-133.41,-204.72,-63.16,50.06
14:56:24,CP_ALL,NORMAL_RUN3,7.112,0.0,541.2,92.49,357.88,90.82,0.727,1.987,0.487,229.87,229.62,231.05,,,,-399.47,-133.1,-203.26,-63.11,50.06
14:56:25,CP_ALL,NORMAL_RUN3,7.13,0.0,517.34,105.75,320.57,91.01,0.783,1.742,0.488,229.83,229.67,231.03,,,,-405.49,-137.59,-204.69,-63.21,50.06
14:56:26,CP_ALL,NORMAL_RUN3,7.143,0.0,569.31,137.91,340.41,90.99,0.904,1.86,0.488,229.75,229.64,231.01,,,,-413.9,-146.54,-204.17,-63.19,50.06
14:56:27,CP_ALL,NORMAL_RUN3,7.139,0.0,579.77,134.35,354.16,91.27,0.89,1.931,0.488,229.9,229.78,231.26,,,,-414.68,-145.94,-205.43,-63.31,50.06
14:56:28,CP_ALL,NORMAL_RUN3,7.121,0.0,535.78,100.48,342.72,92.58,0.759,1.864,0.493,230.14,229.97,231.47,,,,-406.45,-136.3,-206.51,-63.64,50.06
14:56:29,CP_ALL,NORMAL_RUN3,7.121,0.0,504.9,94.02,318.47,92.41,0.733,1.732,0.492,230.26,230.12,231.55,,,,-402.61,-134.2,-204.73,-63.68,50.06
14:56:30,CP_ALL,NORMAL_RUN3,7.122,0.0,501.63,89.53,318.8,93.31,0.716,1.745,0.496,230.3,230.17,231.59,,,,-400.2,-132.61,-203.72,-63.87,50.06
14:56:31,CP_ALL,NORMAL_RUN3,7.135,0.0,522.19,88.79,340.8,92.6,0.714,1.889,0.493,230.39,230.2,231.63,,,,-399.13,-132.85,-202.56,-63.72,50.06
14:56:32,CP_ALL,NORMAL_RUN3,7.109,0.0,492.46,96.54,304.22,91.71,0.744,1.671,0.489,230.39,230.29,231.69,,,,-401.34,-135.56,-202.17,-63.61,50.06
14:56:33,CP_ALL,NORMAL_RUN3,7.087,1.148,515.15,96.07,326.54,92.53,0.74,1.808,0.492,230.4,230.22,231.65,,,,-400.49,-135.04,-201.76,-63.7,50.06
14:56:34,CP_ALL,NORMAL_RUN3,7.107,0.0,576.01,91.71,391.73,92.57,0.724,2.224,0.492,230.37,230.07,231.6,,,,-397.94,-133.72,-200.6,-63.61,50.06
14:56:35,CP_ALL,NORMAL_RUN3,7.137,0.0,483.39,73.68,315.69,94.02,0.649,1.746,0.499,230.32,230.14,231.54,,,,-391.03,-125.56,-201.51,-63.96,50.06
14:56:36,CP_ALL,NORMAL_RUN3,7.135,0.0,493.59,69.02,330.46,94.12,0.628,1.825,0.499,230.37,230.16,231.6,,,,-388.67,-123.27,-201.43,-63.97,50.07
14:56:37,CP_ALL,NORMAL_RUN3,7.136,0.0,495.09,70.34,330.93,93.81,0.634,1.826,0.498,230.41,230.23,231.65,,,,-389.59,-124.09,-201.57,-63.94,50.07
14:56:38,CP_ALL,NORMAL_RUN3,7.134,0.0,509.21,85.2,329.85,94.16,0.7,1.821,0.499,230.41,230.27,231.72,,,,-397.47,-131.97,-201.51,-63.99,50.07
14:56:39,CP_ALL,NORMAL_RUN3,7.134,0.0,468.74,70.62,303.18,94.94,0.636,1.662,0.502,230.4,230.25,231.66,,,,-390.08,-124.11,-201.8,-64.18,50.06
14:56:40,CP_ALL,NORMAL_RUN3,7.124,0.0,491.07,83.93,312.32,94.82,0.693,1.713,0.502,230.35,230.17,231.59,,,,-394.53,-128.79,-201.64,-64.1,50.07
14:56:41,CP_ALL,NORMAL_RUN3,7.133,0.0,499.49,97.52,307.16,94.8,0.748,1.686,0.502,230.28,230.19,231.55,,,,-401.32,-135.54,-201.71,-64.06,50.07
14:56:42,CP_ALL,NORMAL_RUN3,7.133,0.0,507.92,117.83,295.4,94.7,0.828,1.62,0.502,230.21,230.2,231.48,,,,-408.26,-142.31,-201.87,-64.08,50.07
14:56:43,CP_ALL,NORMAL_RUN3,7.13,0.0,507.28,98.56,314.24,94.48,0.751,1.728,0.501,230.22,230.14,231.49,,,,-400.73,-135.53,-201.23,-63.97,50.07
14:56:44,CP_ALL,NORMAL_RUN3,7.128,0.0,503.46,93.27,315.9,94.29,0.73,1.738,0.5,230.29,230.16,231.56,,,,-398.94,-133.71,-201.26,-63.98,50.07
14:56:45,CP_ALL,NORMAL_RUN3,7.131,0.0,545.72,92.38,359.07,94.27,0.726,2.014,0.5,230.24,230.03,231.53,,,,-397.32,-133.38,-200.03,-63.9,50.06
14:56:46,CP_ALL,NORMAL_RUN3,7.132,0.0,509.85,92.36,323.09,94.41,0.726,1.785,0.5,230.28,230.18,231.56,,,,-398.29,-133.41,-200.9,-63.98,50.07
14:56:47,CP_ALL,NORMAL_RUN3,7.119,0.0,485.99,92.48,299.18,94.33,0.726,1.643,0.5,230.28,230.17,231.54,,,,-399.05,-133.47,-201.61,-63.97,50.06
14:56:48,CP_ALL,NORMAL_RUN3,7.127,0.0,490.1,92.36,303.41,94.33,0.725,1.669,0.5,230.28,230.11,231.5,,,,-399.03,-133.45,-201.64,-63.94,50.07
14:56:49,CP_ALL,NORMAL_RUN3,7.131,0.0,519.38,92.39,332.66,94.33,0.726,1.844,0.5,230.31,230.16,231.63,,,,-398.66,-133.63,-201.07,-63.96,50.07
14:56:50,CP_ALL,NORMAL_RUN3,7.123,0.0,530.52,92.18,343.42,94.92,0.725,1.913,0.502,230.25,230.04,231.54,,,,-398.36,-133.43,-200.86,-64.06,50.06
14:56:51,CP_ALL,NORMAL_RUN3,7.115,0.0,545.05,92.3,358.08,94.66,0.725,2.004,0.501,230.3,230.04,231.55,,,,-398.05,-133.43,-200.65,-63.97,50.06
14:56:52,CP_ALL,NORMAL_RUN3,7.108,0.0,487.54,92.24,299.9,95.41,0.725,1.649,0.504,230.24,230.16,231.56,,,,-399.35,-133.43,-201.75,-64.18,50.06
14:56:53,CP_ALL,NORMAL_RUN3,7.11,0.0,484.57,92.34,296.75,95.48,0.725,1.63,0.504,230.24,230.14,231.52,,,,-399.13,-133.41,-201.56,-64.15,50.06
14:56:54,CP_ALL,NORMAL_RUN3,7.129,0.0,484.98,92.25,297.7,95.03,0.725,1.635,0.503,230.36,230.26,231.62,,,,-399.37,-133.5,-201.68,-64.18,50.06
14:56:55,CP_ALL,NORMAL_RUN3,7.127,0.0,523.93,92.3,336.63,95.01,0.725,1.873,0.502,230.35,230.15,231.6,,,,-398.79,-133.52,-201.18,-64.09,50.06
14:56:56,CP_ALL,NORMAL_RUN3,7.127,0.0,550.84,92.28,363.32,95.24,0.725,2.035,0.503,230.35,230.13,231.64,,,,-398.49,-133.55,-200.76,-64.18,50.06
14:56:57,CP_ALL,NORMAL_RUN3,7.126,0.0,506.3,92.39,318.78,95.13,0.726,1.759,0.503,230.42,230.28,231.7,,,,-399.45,-133.72,-201.56,-64.16,50.06
14:56:58,CP_ALL,NORMAL_RUN3,7.125,0.0,523.3,92.22,335.86,95.21,0.725,1.86,0.503,230.29,230.14,231.58,,,,-398.68,-133.43,-201.11,-64.14,50.06
14:56:59,CP_ALL,NORMAL_RUN3,7.125,0.0,510.89,92.32,323.22,95.34,0.725,1.785,0.504,230.28,230.1,231.53,,,,-398.85,-133.44,-201.29,-64.11,50.05
14:57:00,CP_ALL,NORMAL_RUN3,7.125,0.0,510.16,92.29,322.34,95.53,0.725,1.781,0.505,230.28,230.11,231.58,,,,-398.73,-133.43,-201.12,-64.18,50.05
14:57:01,CP_ALL,NORMAL_RUN3,7.123,0.0,508.44,92.07,320.64,95.73,0.725,1.769,0.505,230.34,230.22,231.68,,,,-399.04,-133.52,-201.3,-64.23,50.06
14:57:02,CP_ALL,NORMAL_RUN3,7.124,0.0,489.98,92.28,301.62,96.09,0.725,1.657,0.507,230.34,230.25,231.63,,,,-399.32,-133.54,-201.46,-64.32,50.05
14:57:03,CP_ALL,NORMAL_RUN3,7.125,0.0,508.83,92.21,320.4,96.22,0.725,1.768,0.507,230.41,230.24,231.68,,,,-399.02,-133.58,-201.1,-64.35,50.06
14:57:04,CP_ALL,NORMAL_RUN3,7.125,0.0,497.35,92.06,309.29,95.99,0.725,1.704,0.506,230.34,230.17,231.61,,,,-398.76,-133.45,-201.05,-64.25,50.05
14:57:05,CP_ALL,NORMAL_RUN3,7.125,0.0,484.0,92.1,296.02,95.88,0.726,1.629,0.506,230.3,230.18,231.57,,,,-398.77,-133.41,-201.16,-64.2,50.06
14:57:06,CP_ALL,NORMAL_RUN3,7.121,0.0,506.62,92.14,318.87,95.6,0.727,1.762,0.505,230.31,230.17,231.57,,,,-397.89,-133.41,-200.3,-64.18,50.06
14:57:07,CP_ALL,NORMAL_RUN3,7.123,0.0,521.22,92.31,333.35,95.55,0.728,1.849,0.505,230.36,230.14,231.57,,,,-397.79,-133.5,-200.14,-64.15,50.06
14:57:08,CP_ALL,NORMAL_RUN3,7.122,0.0,530.19,92.19,342.53,95.47,0.728,1.905,0.505,230.4,230.15,231.63,,,,-397.64,-133.48,-200.02,-64.13,50.06
14:57:09,CP_ALL,NORMAL_RUN3,7.12,0.0,586.65,92.03,399.12,95.5,0.728,2.29,0.505,230.3,229.95,231.59,,,,-396.0,-133.43,-198.49,-64.08,50.06
14:57:10,CP_ALL,NORMAL_RUN3,7.118,0.0,498.85,92.14,311.35,95.36,0.728,1.715,0.504,230.29,230.16,231.55,,,,-398.16,-133.36,-200.72,-64.08,50.06
14:57:11,CP_ALL,NORMAL_RUN3,7.122,0.0,505.79,92.24,318.21,95.35,0.728,1.762,0.504,230.29,230.12,231.5,,,,-397.93,-133.4,-200.46,-64.08,50.06
14:57:12,CP_ALL,NORMAL_RUN3,7.12,0.0,542.1,92.32,354.7,95.08,0.727,2.008,0.503,230.3,230.02,231.51,,,,-397.52,-133.48,-200.01,-64.02,50.06
14:57:13,CP_ALL,NORMAL_RUN3,7.117,0.0,483.49,91.99,296.3,95.21,0.726,1.634,0.504,230.23,230.06,231.46,,,,-398.59,-133.34,-201.14,-64.11,50.06
14:57:15,CP_ALL,NORMAL_RUN3,7.12,0.0,497.66,91.97,310.48,95.21,0.726,1.715,0.504,230.28,230.14,231.55,,,,-398.46,-133.39,-200.92,-64.14,50.06
14:57:16,CP_ALL,NORMAL_RUN3,7.12,0.0,553.76,91.97,366.57,95.23,0.726,2.068,0.504,230.36,230.17,231.65,,,,-397.11,-133.47,-199.51,-64.13,50.06
14:57:17,CP_ALL,NORMAL_RUN3,7.117,0.0,501.98,92.18,314.63,95.17,0.727,1.735,0.504,230.25,230.05,231.46,,,,-398.07,-133.34,-200.65,-64.08,50.06
14:57:18,CP_ALL,NORMAL_RUN3,7.119,0.0,510.53,92.19,323.06,95.28,0.726,1.794,0.504,230.33,230.1,231.55,,,,-398.45,-133.48,-200.86,-64.11,50.06
14:57:19,CP_ALL,NORMAL_RUN3,7.119,0.0,535.53,92.1,348.16,95.27,0.725,1.956,0.503,230.36,230.11,231.61,,,,-397.72,-133.55,-200.09,-64.07,50.06
14:57:20,CP_ALL,NORMAL_RUN3,7.116,0.0,483.39,92.16,295.96,95.27,0.725,1.627,0.504,230.43,230.27,231.63,,,,-399.22,-133.55,-201.49,-64.17,50.06
14:57:21,CP_ALL,NORMAL_RUN3,7.118,0.0,507.53,92.14,320.2,95.19,0.724,1.772,0.503,230.5,230.26,231.68,,,,-398.83,-133.56,-201.1,-64.16,50.06
14:57:22,CP_ALL,NORMAL_RUN3,7.117,0.0,539.99,92.07,352.76,95.16,0.724,1.973,0.503,230.51,230.22,231.73,,,,-398.3,-133.61,-200.56,-64.13,50.06
14:57:23,CP_ALL,NORMAL_RUN3,7.115,0.0,532.91,92.29,345.42,95.2,0.725,1.923,0.503,230.44,230.23,231.69,,,,-398.45,-133.69,-200.64,-64.13,50.05
14:57:24,CP_ALL,NORMAL_RUN3,7.115,0.0,527.97,92.16,340.76,95.06,0.725,1.892,0.502,230.46,230.23,231.66,,,,-398.38,-133.59,-200.74,-64.04,50.05
14:57:25,CP_ALL,NORMAL_RUN3,7.115,0.0,518.03,92.22,330.75,95.06,0.725,1.83,0.503,230.48,230.24,231.63,,,,-398.72,-133.62,-201.01,-64.09,50.06
14:57:26,CP_ALL,NORMAL_RUN3,7.113,0.0,509.62,92.04,322.35,95.23,0.725,1.781,0.504,230.47,230.23,231.63,,,,-398.43,-133.51,-200.79,-64.13,50.06
14:57:27,CP_ALL,NORMAL_RUN3,7.116,0.0,490.37,92.23,302.49,95.66,0.728,1.663,0.506,230.45,230.3,231.62,,,,-398.62,-133.46,-200.91,-64.24,50.06
14:57:28,CP_ALL,NORMAL_RUN3,7.115,0.0,507.43,92.23,319.61,95.59,0.728,1.764,0.505,230.4,230.25,231.61,,,,-398.07,-133.41,-200.48,-64.19,50.05
14:57:29,CP_ALL,NORMAL_RUN3,7.115,0.0,492.32,92.06,304.79,95.47,0.728,1.68,0.505,230.41,230.27,231.6,,,,-398.36,-133.44,-200.73,-64.19,50.05
14:57:30,CP_ALL,NORMAL_RUN3,7.115,0.0,481.99,92.07,294.34,95.58,0.727,1.621,0.505,230.47,230.31,231.65,,,,-398.86,-133.4,-201.22,-64.24,50.05
14:57:31,CP_ALL,NORMAL_RUN3,7.11,0.0,507.89,91.94,320.91,95.04,0.727,1.774,0.503,230.43,230.23,231.64,,,,-397.99,-133.53,-200.38,-64.08,50.06
14:57:32,CP_ALL,NORMAL_RUN3,7.114,0.0,521.45,92.15,334.28,95.02,0.728,1.855,0.503,230.44,230.24,231.63,,,,-397.75,-133.51,-200.17,-64.06,50.06
14:57:33,CP_ALL,NORMAL_RUN3,7.114,0.0,529.68,92.31,342.39,94.98,0.731,1.905,0.503,230.46,230.27,231.65,,,,-397.43,-133.6,-199.8,-64.03,50.06
14:57:34,CP_ALL,NORMAL_RUN3,7.114,0.0,574.95,92.03,387.82,95.09,0.728,2.207,0.503,230.48,230.18,231.7,,,,-396.23,-133.56,-198.63,-64.04,50.06
14:57:35,CP_ALL,NORMAL_RUN3,7.11,0.0,487.66,92.07,300.48,95.11,0.726,1.656,0.503,230.45,230.31,231.72,,,,-399.28,-133.55,-201.56,-64.17,50.06
14:57:36,CP_ALL,NORMAL_RUN3,7.108,0.0,483.99,92.16,297.05,94.77,0.726,1.634,0.502,230.44,230.34,231.71,,,,-399.27,-133.54,-201.56,-64.17,50.06
14:57:37,CP_ALL,NORMAL_RUN3,7.112,0.0,512.11,92.01,327.03,93.07,0.726,1.814,0.495,230.35,230.21,231.6,,,,-397.96,-133.44,-200.74,-63.78,50.05
14:57:38,CP_ALL,NORMAL_RUN3,7.11,0.0,523.9,92.12,338.87,92.92,0.726,1.88,0.494,230.38,230.17,231.62,,,,-397.7,-133.47,-200.53,-63.7,50.05
14:57:39,CP_ALL,NORMAL_RUN3,7.111,0.0,516.65,92.04,331.64,92.97,0.726,1.841,0.494,230.49,230.3,231.72,,,,-398.29,-133.66,-200.86,-63.77,50.06
14:57:40,CP_ALL,NORMAL_RUN3,7.107,0.0,482.51,92.02,297.29,93.2,0.725,1.636,0.495,230.5,230.42,231.73,,,,-398.9,-133.57,-201.46,-63.87,50.06
14:57:41,CP_ALL,NORMAL_RUN3,7.111,0.0,523.61,92.02,339.32,92.27,0.725,1.89,0.491,230.5,230.37,231.76,,,,-398.16,-133.59,-200.96,-63.6,50.05
14:57:42,CP_ALL,NORMAL_RUN3,7.109,0.0,525.06,92.15,340.46,92.45,0.725,1.934,0.492,230.54,230.32,231.75,,,,-396.49,-133.68,-199.09,-63.71,50.05
14:57:43,CP_ALL,NORMAL_RUN3,7.109,0.0,418.55,92.21,233.79,92.55,0.725,1.353,0.493,230.47,230.45,231.66,,,,-389.47,-133.61,-192.13,-63.74,50.05
14:57:44,CP_ALL,NORMAL_RUN3,7.108,0.0,415.72,92.05,231.06,92.61,0.724,1.341,0.493,230.49,230.49,231.73,,,,-389.43,-133.56,-192.11,-63.76,50.05
14:57:45,CP_ALL,NORMAL_RUN3,7.107,0.0,415.36,91.99,231.02,92.36,0.724,1.34,0.492,230.55,230.56,231.77,,,,-389.67,-133.66,-192.23,-63.78,50.05
14:57:46,CP_ALL,NORMAL_RUN3,7.109,0.0,414.88,92.1,231.02,91.76,0.725,1.34,0.489,230.56,230.6,231.78,,,,-389.84,-133.74,-192.37,-63.73,50.05
14:57:47,CP_ALL,NORMAL_RUN3,7.109,0.0,417.15,92.12,233.89,91.15,0.725,1.352,0.487,230.59,230.63,231.83,,,,-390.24,-133.73,-192.94,-63.57,50.05
14:57:48,CP_ALL,NORMAL_RUN3,7.109,0.0,482.54,92.23,298.99,91.32,0.725,1.631,0.487,230.51,230.46,231.82,,,,-402.77,-133.64,-205.49,-63.64,50.05
14:57:49,CP_ALL,NORMAL_RUN3,7.109,0.0,562.66,91.94,379.33,91.39,0.724,2.121,0.488,230.45,230.24,231.84,,,,-401.1,-133.55,-204.0,-63.54,50.05
14:57:50,CP_ALL,NORMAL_RUN3,7.106,0.0,509.11,92.49,325.38,91.24,0.726,1.779,0.487,230.47,230.33,231.74,,,,-402.13,-133.7,-204.89,-63.54,50.05
14:57:51,CP_ALL,NORMAL_RUN3,7.105,0.0,501.43,92.62,317.04,91.77,0.726,1.727,0.489,230.45,230.33,231.7,,,,-402.07,-133.63,-204.84,-63.59,50.05
14:57:52,CP_ALL,NORMAL_RUN3,7.107,0.0,548.6,92.57,363.83,92.21,0.726,2.028,0.491,230.5,230.28,231.78,,,,-402.71,-133.67,-205.39,-63.65,50.05
14:57:53,CP_ALL,NORMAL_RUN3,7.105,0.0,530.71,92.66,345.48,92.58,0.728,1.881,0.493,230.43,230.3,231.75,,,,-403.74,-133.69,-206.34,-63.72,50.05
14:57:54,CP_ALL,NORMAL_RUN3,7.102,0.0,507.11,92.55,321.74,92.82,0.727,1.74,0.494,230.46,230.36,231.7,,,,-404.01,-133.66,-206.57,-63.79,50.06
14:57:55,CP_ALL,NORMAL_RUN3,7.105,0.0,543.12,92.57,357.83,92.72,0.727,1.95,0.493,230.44,230.3,231.72,,,,-403.05,-133.6,-205.73,-63.71,50.06
14:57:56,CP_ALL,NORMAL_RUN3,7.102,0.0,526.8,92.83,341.39,92.58,0.73,1.851,0.493,230.48,230.32,231.7,,,,-403.24,-133.71,-205.8,-63.73,50.06
14:57:57,CP_ALL,NORMAL_RUN3,7.103,0.0,526.34,89.55,344.15,92.64,0.719,1.867,0.494,230.46,230.3,231.69,,,,-401.93,-132.65,-205.57,-63.71,50.06
14:57:58,CP_ALL,NORMAL_RUN3,7.103,0.0,514.41,87.42,334.2,92.79,0.712,1.828,0.494,230.5,230.36,231.72,,,,-398.87,-132.22,-202.9,-63.75,50.06
14:57:59,CP_ALL,NORMAL_RUN3,7.096,0.0,488.49,88.01,307.63,92.84,0.714,1.683,0.494,230.51,230.43,231.72,,,,-399.08,-132.16,-203.11,-63.81,50.06
14:58:00,CP_ALL,NORMAL_RUN3,7.103,0.0,514.49,94.68,326.96,92.84,0.735,1.799,0.494,230.47,230.38,231.71,,,,-400.46,-133.94,-202.73,-63.79,50.07
14:58:01,CP_ALL,NORMAL_RUN3,7.104,0.0,524.99,92.84,340.34,91.81,0.73,1.889,0.49,230.46,230.32,231.68,,,,-397.97,-133.69,-200.69,-63.6,50.07
14:58:02,CP_ALL,NORMAL_RUN3,7.101,0.0,490.7,92.54,306.29,91.88,0.731,1.69,0.491,230.37,230.36,231.63,,,,-398.14,-133.6,-200.99,-63.55,50.06
14:58:03,CP_ALL,NORMAL_RUN3,7.1,0.0,495.22,93.21,309.79,92.21,0.733,1.71,0.492,230.41,230.36,231.62,,,,-398.3,-133.71,-200.96,-63.64,50.07
14:58:04,CP_ALL,NORMAL_RUN3,7.098,0.0,562.39,92.85,377.34,92.2,0.729,2.136,0.491,230.52,230.3,231.75,,,,-396.92,-133.76,-199.54,-63.61,50.07
14:58:05,CP_ALL,NORMAL_RUN3,7.102,0.0,508.71,92.1,322.54,94.07,0.725,1.782,0.499,230.52,230.41,231.78,,,,-399.57,-133.63,-201.89,-64.05,50.06
14:58:06,CP_ALL,NORMAL_RUN3,7.102,0.0,517.45,91.99,331.42,94.04,0.724,1.834,0.498,230.55,230.41,231.78,,,,-399.22,-133.59,-201.61,-64.03,50.06
14:58:07,CP_ALL,NORMAL_RUN3,7.1,0.0,514.71,92.17,328.66,93.88,0.725,1.817,0.498,230.52,230.38,231.73,,,,-399.07,-133.65,-201.45,-63.97,50.06
14:58:08,CP_ALL,NORMAL_RUN3,7.099,0.0,497.44,91.99,311.15,94.31,0.724,1.711,0.499,230.59,230.51,231.81,,,,-399.6,-133.69,-201.78,-64.13,50.06
14:58:09,CP_ALL,NORMAL_RUN3,7.1,0.0,490.16,92.06,303.76,94.34,0.725,1.668,0.5,230.48,230.42,231.74,,,,-399.43,-133.64,-201.71,-64.08,50.06
14:58:10,CP_ALL,NORMAL_RUN3,7.098,0.0,501.42,91.97,314.8,94.66,0.724,1.733,0.501,230.47,230.4,231.75,,,,-399.12,-133.62,-201.36,-64.15,50.06
14:58:11,CP_ALL,NORMAL_RUN3,7.098,0.0,478.0,91.97,291.6,94.44,0.724,1.602,0.5,230.46,230.44,231.69,,,,-399.46,-133.6,-201.79,-64.07,50.05
14:58:12,CP_ALL,NORMAL_RUN3,7.092,0.0,493.74,92.16,307.55,94.04,0.725,1.694,0.498,230.44,230.38,231.67,,,,-399.21,-133.56,-201.67,-63.98,50.05
14:58:13,CP_ALL,NORMAL_RUN3,7.098,0.0,498.39,92.03,312.2,94.17,0.724,1.717,0.499,230.55,230.47,231.83,,,,-399.44,-133.6,-201.71,-64.13,50.06
14:58:14,CP_ALL,NORMAL_RUN3,7.095,0.0,522.37,91.93,336.51,93.93,0.724,1.873,0.498,230.51,230.4,231.8,,,,-398.62,-133.56,-201.1,-63.96,50.05
14:58:15,CP_ALL,NORMAL_RUN3,7.097,0.0,518.51,91.93,332.43,94.14,0.724,1.848,0.499,230.55,230.47,231.84,,,,-399.28,-133.65,-201.57,-64.06,50.06
14:58:16,CP_ALL,NORMAL_RUN3,7.09,0.0,488.55,91.96,302.5,94.09,0.724,1.661,0.499,230.56,230.52,231.81,,,,-399.91,-133.65,-202.18,-64.08,50.06
14:58:17,CP_ALL,NORMAL_RUN3,7.084,0.0,482.55,92.1,296.51,93.93,0.725,1.627,0.498,230.52,230.46,231.76,,,,-400.13,-133.81,-202.31,-64.01,50.06
14:58:18,CP_ALL,NORMAL_RUN3,7.097,0.0,516.41,91.93,330.26,94.22,0.724,1.828,0.499,230.53,230.44,231.8,,,,-399.26,-133.61,-201.59,-64.06,50.06
14:58:19,CP_ALL,NORMAL_RUN3,7.093,0.0,528.72,91.94,342.82,93.96,0.724,1.907,0.498,230.54,230.36,231.76,,,,-398.41,-133.63,-200.82,-63.96,50.06
14:58:20,CP_ALL,NORMAL_RUN3,7.093,0.0,544.88,92.04,358.88,93.96,0.724,2.008,0.498,230.55,230.37,231.78,,,,-398.09,-133.64,-200.46,-63.99,50.07
14:58:21,CP_ALL,NORMAL_RUN3,7.093,0.0,500.78,92.11,314.51,94.15,0.724,1.738,0.499,230.58,230.5,231.83,,,,-399.14,-133.67,-201.39,-64.09,50.07
14:58:22,CP_ALL,NORMAL_RUN3,7.081,0.0,481.18,92.21,294.84,94.14,0.725,1.619,0.499,230.51,230.5,231.79,,,,-399.4,-133.61,-201.68,-64.12,50.07
14:58:23,CP_ALL,NORMAL_RUN3,7.087,0.0,482.11,91.93,296.05,94.13,0.724,1.625,0.499,230.51,230.5,231.77,,,,-399.56,-133.65,-201.87,-64.04,50.07
14:58:24,CP_ALL,NORMAL_RUN3,7.093,0.0,498.47,92.02,312.33,94.12,0.724,1.727,0.499,230.52,230.44,231.75,,,,-399.31,-133.61,-201.63,-64.06,50.07
14:58:25,CP_ALL,NORMAL_RUN3,7.092,0.0,549.02,92.16,362.54,94.32,0.725,2.033,0.5,230.43,230.26,231.68,,,,-398.13,-133.58,-200.55,-64.0,50.07
14:58:26,CP_ALL,NORMAL_RUN3,7.093,0.0,517.62,91.91,331.45,94.25,0.724,1.839,0.499,230.45,230.4,231.75,,,,-398.72,-133.54,-201.12,-64.05,50.07
14:58:27,CP_ALL,NORMAL_RUN3,7.092,0.0,512.44,91.96,326.39,94.09,0.724,1.804,0.499,230.5,230.46,231.78,,,,-399.14,-133.6,-201.47,-64.07,50.07
14:58:28,CP_ALL,NORMAL_RUN3,7.092,0.0,519.19,91.94,332.98,94.28,0.724,1.842,0.499,230.5,230.47,231.76,,,,-398.85,-133.55,-201.23,-64.06,50.07
14:58:29,CP_ALL,NORMAL_RUN3,7.091,0.0,495.75,92.17,309.41,94.17,0.725,1.703,0.499,230.53,230.58,231.8,,,,-399.6,-133.73,-201.77,-64.1,50.08
14:58:30,CP_ALL,NORMAL_RUN3,7.088,0.0,514.59,92.05,328.41,94.14,0.725,1.816,0.499,230.46,230.52,231.79,,,,-398.6,-133.57,-200.99,-64.04,50.07
14:58:32,CP_ALL,NORMAL_RUN3,7.089,0.0,486.7,92.14,299.87,94.68,0.726,1.647,0.501,230.41,230.52,231.71,,,,-399.19,-133.55,-201.5,-64.15,50.07
14:58:33,CP_ALL,NORMAL_RUN3,7.089,0.0,494.67,92.12,308.06,94.49,0.726,1.694,0.501,230.42,230.44,231.69,,,,-399.07,-133.56,-201.42,-64.09,50.07
14:58:34,CP_ALL,NORMAL_RUN3,7.087,0.0,507.23,92.14,320.34,94.74,0.726,1.768,0.501,230.37,230.37,231.69,,,,-398.55,-133.49,-200.93,-64.13,50.07
14:58:35,CP_ALL,NORMAL_RUN3,7.087,0.0,482.74,92.05,296.26,94.43,0.726,1.628,0.5,230.28,230.42,231.69,,,,-399.12,-133.43,-201.54,-64.15,50.07
14:58:36,CP_ALL,NORMAL_RUN3,7.087,0.0,495.03,92.12,308.69,94.22,0.726,1.702,0.499,230.33,230.46,231.78,,,,-398.68,-133.45,-201.15,-64.09,50.07
14:58:37,CP_ALL,NORMAL_RUN3,7.086,0.0,506.88,92.11,320.71,94.06,0.726,1.769,0.499,230.31,230.36,231.74,,,,-398.46,-133.44,-201.03,-63.99,50.07
14:58:38,CP_ALL,NORMAL_RUN3,7.087,0.0,529.44,92.32,343.17,93.95,0.726,1.907,0.498,230.31,230.33,231.77,,,,-398.3,-133.5,-200.83,-63.98,50.06
14:58:39,CP_ALL,NORMAL_RUN3,7.064,0.0,548.2,92.02,362.07,94.1,0.725,2.045,0.499,230.31,230.37,231.8,,,,-398.76,-133.53,-201.18,-64.05,50.07
14:58:40,CP_ALL,NORMAL_RUN3,7.077,0.0,543.87,90.52,359.4,93.95,0.719,2.015,0.498,230.29,230.37,231.78,,,,-398.12,-132.97,-201.11,-64.03,50.07
14:58:41,CP_ALL,NORMAL_RUN3,7.085,0.0,486.81,87.35,305.48,93.98,0.708,1.675,0.498,230.3,230.45,231.74,,,,-398.13,-132.14,-201.95,-64.05,50.07
14:58:42,CP_ALL,NORMAL_RUN3,7.084,0.0,518.4,73.65,350.63,94.12,0.649,1.961,0.499,230.37,230.33,231.77,,,,-390.42,-125.5,-200.9,-64.02,50.07
14:58:43,CP_ALL,NORMAL_RUN3,7.078,0.0,503.37,80.88,328.65,93.84,0.681,1.827,0.498,230.4,230.36,231.78,,,,-392.79,-127.32,-201.49,-63.98,50.07
14:58:44,CP_ALL,NORMAL_RUN3,7.085,0.0,482.13,93.29,295.06,93.77,0.731,1.618,0.498,230.37,230.46,231.75,,,,-400.42,-134.3,-202.08,-64.04,50.07
14:58:45,CP_ALL,NORMAL_RUN3,7.082,0.0,508.53,119.23,295.42,93.88,0.834,1.621,0.498,230.33,230.44,231.78,,,,-408.94,-142.93,-201.94,-64.08,50.07
14:58:46,CP_ALL,NORMAL_RUN3,7.084,0.0,511.53,102.8,314.7,94.03,0.768,1.74,0.499,230.33,230.38,231.78,,,,-403.19,-137.41,-201.7,-64.09,50.07
14:58:47,CP_ALL,NORMAL_RUN3,7.084,0.0,565.74,120.26,351.69,93.79,0.842,1.966,0.497,230.4,230.45,231.84,,,,-409.4,-144.31,-201.06,-64.03,50.08
14:58:48,CP_ALL,NORMAL_RUN3,7.08,0.0,546.1,138.77,313.43,93.9,0.911,1.722,0.498,230.42,230.52,231.88,,,,-414.62,-148.56,-201.97,-64.09,50.08
14:58:49,CP_ALL,NORMAL_RUN3,7.065,0.0,513.94,101.05,319.0,93.88,0.762,1.767,0.498,230.33,230.29,231.73,,,,-402.03,-136.69,-201.34,-64.0,50.07
14:58:50,CP_ALL,NORMAL_RUN3,7.068,0.0,552.63,93.98,364.74,93.91,0.733,2.069,0.498,230.57,230.42,231.96,,,,-399.27,-134.63,-200.62,-64.02,50.08
14:58:51,CP_ALL,NORMAL_RUN3,7.073,0.0,476.69,88.01,294.8,93.89,0.71,1.618,0.498,230.5,230.46,231.87,,,,-398.41,-132.37,-201.97,-64.07,50.07
14:58:52,CP_ALL,NORMAL_RUN3,7.077,0.0,494.11,86.78,313.33,93.99,0.707,1.729,0.498,230.47,230.39,231.81,,,,-397.98,-132.3,-201.62,-64.07,50.07
14:58:53,CP_ALL,NORMAL_RUN3,7.066,0.0,545.21,93.84,357.45,93.92,0.734,1.999,0.498,230.53,230.36,231.87,,,,-399.74,-134.97,-200.77,-64.0,50.08
14:58:54,CP_ALL,NORMAL_RUN3,7.049,0.0,540.49,94.83,351.56,94.1,0.736,1.959,0.499,230.46,230.32,231.84,,,,-399.9,-135.01,-200.85,-64.04,50.08
14:58:55,CP_ALL,NORMAL_RUN3,7.079,0.0,530.14,92.48,343.75,93.91,0.727,1.908,0.498,230.48,230.36,231.82,,,,-399.17,-134.03,-201.11,-64.03,50.08
14:58:56,CP_ALL,NORMAL_RUN3,7.079,0.0,506.19,91.11,320.95,94.13,0.722,1.769,0.499,230.33,230.27,231.72,,,,-398.59,-133.44,-201.12,-64.04,50.08
14:58:57,CP_ALL,NORMAL_RUN3,7.08,0.0,487.67,91.19,301.99,94.49,0.724,1.663,0.501,230.05,230.0,231.36,,,,-397.9,-133.2,-200.75,-63.94,50.07
14:58:58,CP_ALL,NORMAL_RUN3,7.078,0.0,505.7,91.23,319.94,94.53,0.723,1.77,0.501,230.04,229.88,231.25,,,,-396.57,-133.11,-199.61,-63.86,50.07
14:58:59,CP_ALL,NORMAL_RUN3,7.077,0.0,492.36,91.2,306.68,94.48,0.723,1.692,0.501,230.13,229.99,231.34,,,,-397.55,-133.29,-200.34,-63.92,50.07
14:59:00,CP_ALL,NORMAL_RUN3,7.077,0.0,478.56,91.15,293.12,94.28,0.723,1.614,0.5,230.17,230.05,231.4,,,,-398.27,-133.26,-201.08,-63.92,50.07
14:59:01,CP_ALL,NORMAL_RUN3,7.073,0.0,508.25,91.12,323.19,93.94,0.723,1.785,0.498,230.38,230.24,231.66,,,,-398.76,-133.56,-201.23,-63.98,50.07
14:59:02,CP_ALL,NORMAL_RUN3,7.079,0.0,522.99,91.48,337.63,93.89,0.724,1.871,0.498,230.41,230.27,231.74,,,,-398.69,-133.7,-200.98,-64.0,50.07
14:59:03,CP_ALL,NORMAL_RUN3,7.077,0.0,527.62,91.13,342.54,93.95,0.723,1.902,0.498,230.44,230.25,231.73,,,,-398.11,-133.54,-200.61,-63.96,50.07
14:59:04,CP_ALL,NORMAL_RUN3,7.077,0.0,551.95,91.13,366.88,93.94,0.723,2.067,0.498,230.52,230.25,231.83,,,,-397.49,-133.58,-199.94,-63.97,50.07
14:59:05,CP_ALL,NORMAL_RUN3,7.073,0.0,499.28,91.07,314.48,93.73,0.723,1.742,0.497,230.51,230.35,231.8,,,,-398.91,-133.61,-201.28,-64.01,50.07
14:59:06,CP_ALL,NORMAL_RUN3,7.072,0.0,483.06,91.28,298.28,93.5,0.724,1.638,0.497,230.53,230.38,231.78,,,,-399.12,-133.65,-201.47,-64.0,50.07
14:59:07,CP_ALL,NORMAL_RUN3,7.077,0.0,522.17,91.21,339.11,91.84,0.724,1.885,0.49,230.53,230.32,231.85,,,,-398.31,-133.77,-200.87,-63.67,50.07
14:59:08,CP_ALL,NORMAL_RUN3,7.076,0.0,522.57,93.86,336.97,91.73,0.735,1.866,0.489,230.5,230.34,231.87,,,,-399.3,-134.7,-200.93,-63.67,50.07
14:59:09,CP_ALL,NORMAL_RUN3,7.077,0.0,541.3,125.8,323.8,91.7,0.865,1.79,0.489,230.46,230.4,231.84,,,,-410.94,-146.1,-201.17,-63.67,50.07
14:59:10,CP_ALL,NORMAL_RUN3,7.071,0.0,500.57,110.75,297.1,92.72,0.805,1.632,0.493,230.5,230.45,231.83,,,,-406.81,-141.26,-201.65,-63.9,50.07
14:59:11,CP_ALL,NORMAL_RUN3,7.057,0.0,541.1,98.75,350.95,91.4,0.755,1.969,0.488,230.5,230.29,231.82,,,,-400.77,-136.64,-200.6,-63.53,50.07
14:59:12,CP_ALL,NORMAL_RUN3,7.057,0.0,517.06,92.63,333.2,91.23,0.729,1.896,0.487,230.47,230.31,231.81,,,,-394.78,-134.06,-197.21,-63.52,50.07
14:59:13,CP_ALL,NORMAL_RUN3,7.07,0.0,415.17,89.35,234.41,91.4,0.716,1.354,0.488,230.42,230.47,231.76,,,,-388.7,-132.74,-192.28,-63.68,50.07
14:59:14,CP_ALL,NORMAL_RUN3,7.064,0.0,412.11,87.64,232.89,91.58,0.711,1.348,0.489,230.47,230.49,231.74,,,,-388.77,-132.65,-192.45,-63.66,50.07
14:59:15,CP_ALL,NORMAL_RUN3,7.057,0.0,421.03,96.18,232.64,92.2,0.744,1.347,0.491,230.38,230.41,231.68,,,,-391.71,-135.54,-192.4,-63.77,50.06
14:59:16,CP_ALL,NORMAL_RUN3,7.02,1.143,421.45,96.82,232.54,92.08,0.745,1.347,0.491,230.34,230.41,231.65,,,,-391.51,-135.48,-192.33,-63.7,50.06
14:59:17,CP_ALL,NORMAL_RUN3,7.042,0.0,416.64,93.34,232.49,90.81,0.733,1.347,0.486,230.37,230.44,231.68,,,,-390.47,-134.68,-192.35,-63.45,50.06
14:59:18,CP_ALL,NORMAL_RUN3,7.073,0.0,402.36,80.31,231.93,90.12,0.677,1.344,0.483,230.37,230.4,231.68,,,,-384.41,-128.76,-192.31,-63.34,50.06
14:59:19,CP_ALL,NORMAL_RUN3,7.07,0.0,447.35,69.71,287.3,90.34,0.631,1.582,0.484,230.42,230.28,231.72,,,,-390.04,-123.69,-202.95,-63.4,50.06
14:59:20,CP_ALL,NORMAL_RUN3,7.072,0.0,505.96,69.58,346.39,90.0,0.63,1.912,0.482,230.47,230.19,231.78,,,,-391.35,-123.58,-204.44,-63.33,50.05
14:59:22,CP_ALL,NORMAL_RUN3,7.07,0.0,511.59,84.37,337.03,90.19,0.696,1.85,0.483,230.43,230.24,231.8,,,,-398.14,-130.24,-204.5,-63.41,50.06
14:59:23,CP_ALL,NORMAL_RUN3,7.066,0.0,473.73,72.23,311.04,90.47,0.642,1.688,0.484,230.48,230.32,231.75,,,,-393.42,-124.81,-205.21,-63.41,50.06
14:59:24,CP_ALL,NORMAL_RUN3,7.06,0.0,532.61,83.73,357.72,91.16,0.692,2.018,0.487,230.49,230.24,231.79,,,,-399.46,-129.06,-206.9,-63.5,50.06
14:59:25,CP_ALL,NORMAL_RUN3,7.068,0.0,530.48,94.19,344.77,91.52,0.734,1.873,0.488,230.5,230.31,231.86,,,,-404.74,-134.29,-206.84,-63.61,50.06
14:59:26,CP_ALL,NORMAL_RUN3,7.064,0.0,532.96,117.41,323.84,91.71,0.827,1.749,0.489,230.4,230.35,231.81,,,,-413.31,-142.41,-207.19,-63.71,50.06
14:59:27,CP_ALL,NORMAL_RUN3,7.067,0.0,542.54,101.02,349.8,91.72,0.76,1.899,0.489,230.42,230.28,231.77,,,,-407.12,-136.73,-206.74,-63.65,50.06
14:59:28,CP_ALL,NORMAL_RUN3,7.066,0.0,530.05,94.22,344.43,91.4,0.732,1.863,0.488,230.49,230.31,231.81,,,,-404.91,-134.3,-207.0,-63.61,50.06
14:59:29,CP_ALL,NORMAL_RUN3,7.064,0.0,526.5,91.6,343.41,91.49,0.722,1.864,0.488,230.45,230.26,231.79,,,,-403.53,-133.45,-206.46,-63.61,50.05
14:59:30,CP_ALL,NORMAL_RUN3,7.058,0.0,491.53,87.56,312.46,91.51,0.708,1.702,0.488,230.44,230.34,231.82,,,,-400.0,-132.16,-204.17,-63.67,50.06
14:59:31,CP_ALL,NORMAL_RUN3,7.065,0.0,506.93,87.21,328.23,91.49,0.706,1.802,0.488,230.46,230.36,231.84,,,,-398.82,-132.03,-203.16,-63.63,50.05
14:59:32,CP_ALL,NORMAL_RUN3,7.064,0.0,509.65,93.47,325.44,90.74,0.728,1.803,0.485,230.49,230.34,231.82,,,,-398.74,-133.74,-201.54,-63.46,50.06
14:59:33,CP_ALL,NORMAL_RUN3,7.06,0.0,481.12,93.55,296.68,90.88,0.729,1.63,0.486,230.5,230.37,231.78,,,,-399.03,-133.91,-201.57,-63.55,50.06
14:59:34,CP_ALL,NORMAL_RUN3,7.065,0.0,539.15,92.82,354.59,91.74,0.727,1.991,0.489,230.48,230.25,231.83,,,,-397.97,-133.76,-200.55,-63.66,50.06
14:59:35,CP_ALL,NORMAL_RUN3,7.057,0.0,552.86,93.46,367.41,92.0,0.729,2.074,0.49,230.45,230.24,231.81,,,,-397.92,-133.89,-200.36,-63.67,50.06
14:59:36,CP_ALL,NORMAL_RUN3,7.06,0.0,497.01,93.49,309.43,94.09,0.729,1.708,0.499,230.45,230.35,231.74,,,,-399.52,-133.86,-201.55,-64.1,50.06
14:59:37,CP_ALL,NORMAL_RUN3,7.064,0.0,520.27,93.35,333.33,93.6,0.73,1.844,0.497,230.41,230.28,231.73,,,,-398.71,-133.76,-201.04,-63.92,50.05
14:59:38,CP_ALL,NORMAL_RUN3,7.062,0.0,516.07,93.07,329.5,93.49,0.729,1.821,0.497,230.45,230.29,231.74,,,,-399.05,-133.82,-201.28,-63.95,50.05
14:59:39,CP_ALL,NORMAL_RUN3,7.06,0.0,507.11,92.23,321.06,93.83,0.726,1.77,0.498,230.43,230.29,231.73,,,,-398.83,-133.57,-201.25,-64.0,50.05
14:59:40,CP_ALL,NORMAL_RUN3,7.063,0.0,489.97,92.0,304.07,93.9,0.725,1.671,0.498,230.42,230.34,231.69,,,,-398.83,-133.47,-201.35,-64.01,50.05
14:59:41,CP_ALL,NORMAL_RUN3,7.061,0.0,500.71,92.05,314.34,94.32,0.725,1.731,0.5,230.43,230.31,231.7,,,,-398.62,-133.54,-200.99,-64.1,50.05
14:59:42,CP_ALL,NORMAL_RUN3,7.06,0.0,481.7,92.22,295.6,93.89,0.726,1.626,0.498,230.44,230.32,231.7,,,,-398.97,-133.59,-201.39,-64.0,50.05
14:59:43,CP_ALL,NORMAL_RUN3,7.061,0.0,482.42,92.41,296.31,93.7,0.727,1.633,0.497,230.38,230.27,231.66,,,,-398.72,-133.57,-201.24,-63.9,50.04
14:59:44,CP_ALL,NORMAL_RUN3,7.061,0.0,497.76,92.21,312.01,93.53,0.725,1.72,0.497,230.38,230.28,231.69,,,,-398.38,-133.53,-200.98,-63.88,50.04
14:59:45,CP_ALL,NORMAL_RUN3,7.056,0.0,523.3,92.22,337.58,93.5,0.725,1.888,0.496,230.41,230.25,231.69,,,,-398.26,-133.65,-200.76,-63.86,50.04
14:59:46,CP_ALL,NORMAL_RUN3,7.056,0.0,527.42,92.3,341.72,93.4,0.725,1.91,0.496,230.52,230.29,231.77,,,,-398.72,-133.63,-201.18,-63.91,50.04
14:59:47,CP_ALL,NORMAL_RUN3,7.056,0.0,492.29,92.19,306.6,93.5,0.725,1.684,0.496,230.52,230.35,231.76,,,,-399.69,-133.61,-202.1,-63.98,50.04
14:59:48,CP_ALL,NORMAL_RUN3,7.047,0.0,481.22,92.33,295.52,93.36,0.725,1.622,0.496,230.55,230.41,231.78,,,,-399.96,-133.7,-202.29,-63.97,50.05
14:59:49,CP_ALL,NORMAL_RUN3,7.06,0.0,507.9,92.24,322.28,93.37,0.725,1.781,0.496,230.47,230.35,231.79,,,,-399.14,-133.61,-201.61,-63.92,50.04
14:59:50,CP_ALL,NORMAL_RUN3,7.055,0.0,520.38,92.19,334.53,93.66,0.725,1.852,0.497,230.43,230.27,231.74,,,,-398.6,-133.54,-201.16,-63.91,50.04
14:59:51,CP_ALL,NORMAL_RUN3,7.041,0.0,537.36,92.2,351.75,93.41,0.725,1.961,0.496,230.48,230.23,231.75,,,,-398.32,-133.63,-200.83,-63.86,50.04
14:59:52,CP_ALL,NORMAL_RUN3,7.044,0.0,515.79,92.12,330.23,93.44,0.724,1.834,0.496,230.49,230.28,231.77,,,,-398.44,-133.59,-200.94,-63.9,50.04
14:59:53,CP_ALL,NORMAL_RUN3,7.044,0.0,482.15,92.34,296.39,93.42,0.726,1.628,0.496,230.49,230.35,231.76,,,,-399.33,-133.72,-201.66,-63.96,50.04
14:59:54,CP_ALL,NORMAL_RUN3,7.047,0.0,482.03,92.13,296.34,93.55,0.725,1.627,0.497,230.51,230.43,231.81,,,,-399.34,-133.64,-201.71,-63.99,50.04
14:59:55,CP_ALL,NORMAL_RUN3,7.056,0.0,484.85,92.11,298.93,93.81,0.724,1.643,0.498,230.47,230.36,231.75,,,,-399.14,-133.56,-201.58,-64.0,50.03
14:59:56,CP_ALL,NORMAL_RUN3,7.055,0.0,534.13,92.14,348.2,93.79,0.724,1.944,0.497,230.54,230.24,231.81,,,,-398.13,-133.59,-200.59,-63.96,50.04
14:59:57,CP_ALL,NORMAL_RUN3,7.055,0.0,537.67,92.12,351.69,93.86,0.724,1.964,0.498,230.49,230.18,231.76,,,,-397.79,-133.54,-200.3,-63.95,50.03
14:59:58,CP_ALL,NORMAL_RUN3,7.055,0.0,500.46,92.19,314.56,93.71,0.725,1.733,0.497,230.5,230.31,231.81,,,,-398.94,-133.62,-201.34,-63.98,50.03
14:59:59,CP_ALL,NORMAL_RUN3,7.055,0.0,521.15,92.08,335.3,93.78,0.725,1.858,0.497,230.5,230.29,231.82,,,,-398.34,-133.62,-200.72,-64.0,50.03
15:00:00,CP_ALL,NORMAL_RUN3,7.055,0.0,503.26,92.18,317.31,93.78,0.726,1.75,0.498,230.45,230.31,231.75,,,,-398.36,-133.5,-200.9,-63.97,50.03
15:00:01,CP_ALL,NORMAL_RUN3,7.053,0.0,511.03,92.09,324.86,94.08,0.726,1.796,0.499,230.52,230.29,231.77,,,,-398.39,-133.54,-200.84,-64.01,50.03
15:00:02,CP_ALL,NORMAL_RUN3,7.051,0.0,493.46,92.21,307.17,94.08,0.727,1.691,0.499,230.37,230.29,231.71,,,,-398.54,-133.47,-201.06,-64.02,50.03
15:00:03,CP_ALL,NORMAL_RUN3,7.052,0.0,488.75,92.1,302.36,94.3,0.726,1.662,0.5,230.36,230.23,231.68,,,,-398.67,-133.51,-201.1,-64.05,50.03
15:00:04,CP_ALL,NORMAL_RUN3,7.05,0.0,508.2,91.93,321.9,94.37,0.725,1.777,0.5,230.4,230.24,231.7,,,,-397.99,-133.43,-200.53,-64.03,50.03
15:00:05,CP_ALL,NORMAL_RUN3,7.05,0.0,489.66,91.92,303.39,94.35,0.725,1.67,0.5,230.34,230.22,231.62,,,,-398.19,-133.34,-200.84,-64.0,50.03
15:00:06,CP_ALL,NORMAL_RUN3,7.05,0.0,483.43,92.23,297.3,93.9,0.727,1.637,0.498,230.36,230.21,231.64,,,,-398.35,-133.51,-200.87,-63.97,50.03
15:00:07,CP_ALL,NORMAL_RUN3,7.049,0.0,513.18,92.12,327.63,93.43,0.726,1.812,0.496,230.4,230.15,231.68,,,,-397.46,-133.42,-200.18,-63.86,50.03
15:00:08,CP_ALL,NORMAL_RUN3,7.05,0.0,522.11,92.22,336.51,93.37,0.727,1.865,0.496,230.38,230.09,231.66,,,,-397.63,-133.46,-200.33,-63.85,50.03
15:00:09,CP_ALL,NORMAL_RUN3,7.05,0.0,518.06,92.24,332.58,93.24,0.727,1.844,0.495,230.38,230.16,231.72,,,,-397.82,-133.51,-200.52,-63.79,50.03
15:00:10,CP_ALL,NORMAL_RUN3,7.05,0.0,571.63,92.06,386.01,93.56,0.726,2.191,0.497,230.39,230.08,231.76,,,,-396.72,-133.54,-199.28,-63.9,50.03
15:00:11,CP_ALL,NORMAL_RUN3,7.031,0.0,497.03,92.1,311.42,93.52,0.726,1.709,0.497,230.33,230.21,231.76,,,,-398.55,-133.42,-201.2,-63.93,50.04
15:00:12,CP_ALL,NORMAL_RUN3,7.03,0.0,505.46,91.21,320.83,93.41,0.722,1.777,0.496,230.39,230.23,231.8,,,,-398.3,-133.16,-201.22,-63.92,50.04
15:00:13,CP_ALL,NORMAL_RUN3,7.05,0.0,552.58,89.35,369.53,93.7,0.716,2.093,0.497,230.35,230.08,231.79,,,,-397.04,-132.85,-200.25,-63.94,50.04
15:00:14,CP_ALL,NORMAL_RUN3,7.045,0.0,464.39,73.75,297.37,93.27,0.65,1.631,0.495,230.31,230.19,231.75,,,,-391.06,-125.52,-201.61,-63.93,50.04
15:00:15,CP_ALL,NORMAL_RUN3,7.04,0.0,465.99,77.31,295.2,93.48,0.666,1.62,0.496,230.32,230.23,231.76,,,,-391.55,-126.07,-201.53,-63.95,50.04
15:00:16,CP_ALL,NORMAL_RUN3,7.045,0.0,482.77,92.03,297.37,93.37,0.727,1.631,0.496,230.36,230.3,231.79,,,,-399.33,-133.77,-201.63,-63.92,50.04
15:00:17,CP_ALL,NORMAL_RUN3,7.046,0.0,553.17,117.42,342.36,93.4,0.828,1.905,0.496,230.47,230.36,231.94,,,,-407.14,-142.51,-200.63,-64.0,50.04
15:00:18,CP_ALL,NORMAL_RUN3,7.045,0.0,540.55,105.11,341.86,93.58,0.78,1.911,0.496,230.51,230.34,232.0,,,,-403.35,-138.44,-200.85,-64.07,50.04
15:00:19,CP_ALL,NORMAL_RUN3,7.044,0.0,512.67,115.75,303.48,93.44,0.824,1.664,0.496,230.44,230.45,231.98,,,,-408.13,-142.68,-201.39,-64.06,50.05
15:00:20,CP_ALL,NORMAL_RUN3,7.046,0.0,588.15,135.52,359.25,93.39,0.896,2.025,0.496,230.46,230.38,232.04,,,,-411.72,-147.32,-200.4,-64.0,50.05
15:00:21,CP_ALL,NORMAL_RUN3,7.027,0.0,508.71,103.87,311.42,93.43,0.774,1.725,0.496,230.52,230.46,231.97,,,,-403.38,-137.81,-201.51,-64.05,50.05
15:00:22,CP_ALL,NORMAL_RUN3,7.022,0.0,485.19,91.81,299.97,93.41,0.726,1.648,0.496,230.52,230.41,231.94,,,,-399.35,-133.76,-201.6,-63.98,50.05
15:00:23,CP_ALL,NORMAL_RUN3,7.046,0.0,523.97,89.19,341.22,93.56,0.715,1.897,0.496,230.57,230.35,232.0,,,,-398.3,-132.96,-201.29,-64.04,50.05
15:00:24,CP_ALL,NORMAL_RUN3,7.033,0.0,547.97,86.24,368.11,93.62,0.705,2.061,0.496,230.58,230.34,232.02,,,,-397.04,-132.17,-200.79,-64.08,50.05
15:00:25,CP_ALL,NORMAL_RUN3,7.035,0.0,519.33,93.37,332.52,93.44,0.732,1.841,0.496,230.59,230.49,232.06,,,,-400.24,-134.8,-201.37,-64.06,50.05
15:00:26,CP_ALL,NORMAL_RUN3,7.003,0.0,527.98,93.54,340.99,93.46,0.732,1.888,0.496,230.56,230.43,232.02,,,,-399.48,-134.47,-200.94,-64.06,50.05
15:00:27,CP_ALL,NORMAL_RUN3,7.04,0.0,496.68,91.51,311.43,93.74,0.724,1.71,0.497,230.52,230.46,231.99,,,,-399.7,-133.81,-201.77,-64.11,50.05
15:00:28,CP_ALL,NORMAL_RUN3,7.04,0.0,491.11,91.73,305.44,93.94,0.725,1.677,0.498,230.49,230.47,231.95,,,,-399.63,-133.81,-201.7,-64.13,50.05
15:00:29,CP_ALL,NORMAL_RUN3,7.042,0.0,509.47,91.59,323.85,94.03,0.724,1.787,0.498,230.51,230.46,231.96,,,,-398.98,-133.79,-201.04,-64.16,50.05
15:00:30,CP_ALL,NORMAL_RUN3,7.039,0.0,477.33,91.45,291.71,94.17,0.724,1.602,0.499,230.57,230.52,231.97,,,,-399.74,-133.71,-201.82,-64.2,50.05
15:00:31,CP_ALL,NORMAL_RUN3,7.039,0.0,493.82,91.37,308.96,93.5,0.723,1.701,0.496,230.56,230.48,232.02,,,,-399.19,-133.74,-201.37,-64.08,50.05
15:00:32,CP_ALL,NORMAL_RUN3,7.036,0.0,504.6,91.6,319.48,93.52,0.724,1.758,0.496,230.61,230.52,232.08,,,,-399.57,-133.84,-201.62,-64.11,50.05
15:00:33,CP_ALL,NORMAL_RUN3,7.041,0.0,530.93,91.37,346.25,93.31,0.723,1.918,0.495,230.57,230.46,232.06,,,,-398.74,-133.77,-200.94,-64.03,50.05
15:00:34,CP_ALL,NORMAL_RUN3,7.039,0.0,543.89,91.27,359.16,93.46,0.723,2.009,0.496,230.58,230.42,232.06,,,,-398.5,-133.7,-200.78,-64.03,50.05
15:00:35,CP_ALL,NORMAL_RUN3,7.039,0.0,550.16,91.26,365.28,93.62,0.723,2.057,0.496,230.55,230.35,232.05,,,,-398.31,-133.64,-200.68,-63.99,50.05
15:00:36,CP_ALL,NORMAL_RUN3,7.032,0.0,479.63,91.27,295.21,93.15,0.723,1.62,0.495,230.48,230.42,231.95,,,,-399.34,-133.59,-201.76,-63.99,50.05
15:00:37,CP_ALL,NORMAL_RUN3,7.04,0.0,496.69,91.45,313.17,92.07,0.724,1.724,0.49,230.5,230.44,231.98,,,,-399.16,-133.8,-201.52,-63.85,50.05
15:00:38,CP_ALL,NORMAL_RUN3,7.039,0.0,523.79,91.27,341.26,91.26,0.723,1.892,0.487,230.54,230.4,231.99,,,,-398.17,-133.66,-200.87,-63.64,50.05
15:00:39,CP_ALL,NORMAL_RUN3,7.039,0.0,521.63,91.25,338.99,91.4,0.723,1.878,0.488,230.55,230.39,231.99,,,,-398.2,-133.7,-200.84,-63.67,50.05
15:00:40,CP_ALL,NORMAL_RUN3,7.002,0.0,490.83,91.18,308.09,91.56,0.722,1.694,0.488,230.57,230.47,232.03,,,,-399.09,-133.71,-201.66,-63.72,50.05
15:00:41,CP_ALL,NORMAL_RUN3,7.028,0.0,489.99,89.1,308.86,92.03,0.715,1.703,0.49,230.66,230.5,232.07,,,,-398.82,-133.43,-201.53,-63.86,50.05
15:00:42,CP_ALL,NORMAL_RUN3,7.037,0.0,546.22,69.86,385.38,90.98,0.631,2.191,0.486,230.63,230.38,232.1,,,,-387.48,-123.68,-200.24,-63.56,50.05
15:00:43,CP_ALL,NORMAL_RUN3,7.019,0.0,438.82,71.04,277.12,90.66,0.637,1.581,0.485,230.59,230.54,231.99,,,,-381.61,-123.46,-194.58,-63.57,50.05
15:00:44,CP_ALL,NORMAL_RUN3,7.011,0.0,412.58,89.43,232.45,90.69,0.715,1.346,0.485,230.55,230.58,231.89,,,,-388.04,-131.86,-192.56,-63.63,50.04
15:00:45,CP_ALL,NORMAL_RUN3,7.038,0.0,412.07,88.56,232.09,91.42,0.711,1.345,0.488,230.58,230.6,231.93,,,,-388.79,-132.47,-192.54,-63.78,50.04
15:00:46,CP_ALL,NORMAL_RUN3,7.025,0.0,410.2,85.87,231.91,92.41,0.702,1.344,0.492,230.53,230.56,231.9,,,,-388.07,-131.66,-192.47,-63.93,50.04
15:00:47,CP_ALL,NORMAL_RUN3,7.027,0.0,416.21,91.5,232.83,91.87,0.724,1.348,0.49,230.53,230.55,231.89,,,,-390.32,-133.85,-192.62,-63.85,50.04
15:00:48,CP_ALL,NORMAL_RUN3,6.991,0.0,419.72,96.43,232.61,90.68,0.743,1.347,0.485,230.59,230.65,232.0,,,,-391.8,-135.47,-192.68,-63.65,50.04
15:00:49,CP_ALL,NORMAL_RUN3,7.033,0.0,418.53,96.13,232.5,89.91,0.742,1.347,0.482,230.57,230.62,231.96,,,,-391.71,-135.56,-192.71,-63.44,50.04
15:00:50,CP_ALL,NORMAL_RUN3,7.031,0.0,486.56,104.19,292.56,89.8,0.777,1.603,0.481,230.6,230.55,232.05,,,,-406.64,-139.17,-204.02,-63.46,50.04
15:00:51,CP_ALL,NORMAL_RUN3,7.032,0.0,548.48,97.14,361.4,89.94,0.745,2.007,0.482,230.62,230.41,232.06,,,,-403.82,-135.82,-204.6,-63.39,50.04
15:00:52,CP_ALL,NORMAL_RUN3,7.033,0.0,513.56,81.64,341.74,90.18,0.682,1.878,0.483,230.52,230.35,231.95,,,,-397.4,-129.14,-204.83,-63.43,50.04
15:00:53,CP_ALL,NORMAL_RUN3,7.016,0.0,473.67,71.95,311.28,90.44,0.641,1.689,0.484,230.55,230.44,231.97,,,,-392.72,-123.76,-205.4,-63.56,50.04
15:00:54,CP_ALL,NORMAL_RUN3,7.032,0.0,544.23,89.38,364.2,90.65,0.715,2.01,0.485,230.66,230.37,232.03,,,,-400.57,-132.61,-204.37,-63.59,50.04
15:00:55,CP_ALL,NORMAL_RUN3,7.031,0.0,551.29,107.04,352.92,91.34,0.786,1.92,0.487,230.65,230.44,232.06,,,,-409.92,-139.23,-206.99,-63.7,50.04
15:00:56,CP_ALL,NORMAL_RUN3,7.026,0.0,527.83,114.08,322.31,91.44,0.814,1.74,0.488,230.67,230.52,232.09,,,,-412.92,-141.58,-207.55,-63.79,50.04
15:00:57,CP_ALL,NORMAL_RUN3,7.029,0.0,541.88,95.3,355.17,91.41,0.736,1.93,0.488,230.7,230.41,232.08,,,,-405.46,-134.79,-206.94,-63.74,50.04
15:00:58,CP_ALL,NORMAL_RUN3,7.024,0.0,530.38,93.43,345.59,91.37,0.729,1.87,0.487,230.68,230.45,232.08,,,,-404.98,-134.17,-207.05,-63.76,50.04
15:00:59,CP_ALL,NORMAL_RUN3,7.026,0.0,523.67,90.95,341.4,91.32,0.72,1.849,0.487,230.68,230.48,232.09,,,,-403.97,-133.32,-206.9,-63.74,50.05
15:01:01,CP_ALL,NORMAL_RUN3,7.025,0.0,513.53,87.51,334.49,91.54,0.707,1.824,0.488,230.65,230.47,232.09,,,,-400.68,-132.39,-204.54,-63.74,50.05
15:01:02,CP_ALL,NORMAL_RUN3,7.019,0.0,487.54,87.78,308.28,91.48,0.709,1.684,0.488,230.72,230.6,232.14,,,,-400.14,-132.38,-203.93,-63.83,50.05
15:01:03,CP_ALL,NORMAL_RUN3,7.027,0.0,509.78,94.58,323.79,91.41,0.733,1.776,0.488,230.69,230.56,232.1,,,,-401.36,-134.23,-203.37,-63.76,50.06
15:01:04,CP_ALL,NORMAL_RUN3,7.027,0.0,527.64,93.35,343.24,91.06,0.73,1.9,0.486,230.68,230.51,232.12,,,,-399.05,-134.1,-201.23,-63.72,50.06
15:01:05,CP_ALL,NORMAL_RUN3,7.025,0.0,492.95,92.95,308.97,91.03,0.729,1.704,0.486,230.71,230.56,232.11,,,,-399.12,-134.06,-201.36,-63.7,50.06
15:01:06,CP_ALL,NORMAL_RUN3,7.021,0.0,489.16,93.33,304.4,91.43,0.73,1.675,0.488,230.69,230.51,232.03,,,,-399.36,-134.12,-201.47,-63.77,50.06
15:01:07,CP_ALL,NORMAL_RUN3,7.019,0.0,556.32,93.46,370.31,92.55,0.73,2.084,0.492,230.77,230.46,232.18,,,,-398.24,-134.21,-200.09,-63.93,50.06
15:01:08,CP_ALL,NORMAL_RUN3,7.025,0.0,520.33,93.32,334.21,92.8,0.73,1.864,0.493,230.66,230.43,231.99,,,,-399.05,-134.07,-201.04,-63.94,50.06
15:01:09,CP_ALL,NORMAL_RUN3,7.023,0.0,506.06,92.98,319.62,93.47,0.729,1.762,0.496,230.57,230.39,231.95,,,,-399.6,-133.93,-201.57,-64.1,50.06
15:01:10,CP_ALL,NORMAL_RUN3,7.023,0.0,518.49,92.3,332.53,93.67,0.726,1.836,0.497,230.63,230.48,232.07,,,,-399.2,-133.88,-201.16,-64.16,50.06
15:01:11,CP_ALL,NORMAL_RUN3,7.023,0.0,509.11,92.23,323.37,93.52,0.725,1.784,0.496,230.57,230.46,232.02,,,,-399.31,-133.79,-201.43,-64.09,50.05
15:01:12,CP_ALL,NORMAL_RUN3,7.021,0.0,498.47,92.36,312.26,93.84,0.726,1.719,0.498,230.57,230.48,231.99,,,,-399.5,-133.78,-201.55,-64.17,50.05
15:01:13,CP_ALL,NORMAL_RUN3,7.023,0.0,490.59,92.48,303.9,94.21,0.728,1.671,0.499,230.54,230.47,231.94,,,,-399.73,-133.87,-201.68,-64.18,50.05
15:01:14,CP_ALL,NORMAL_RUN3,7.023,0.0,500.8,92.31,314.8,93.69,0.727,1.732,0.497,230.78,230.67,232.17,,,,-399.87,-134.05,-201.64,-64.19,50.06
15:01:15,CP_ALL,NORMAL_RUN3,7.023,0.0,476.76,92.12,290.54,94.1,0.727,1.599,0.499,230.51,230.44,231.9,,,,-399.56,-133.7,-201.7,-64.16,50.05
15:01:16,CP_ALL,NORMAL_RUN3,7.021,0.0,492.69,92.16,306.73,93.8,0.727,1.69,0.498,230.5,230.44,231.94,,,,-399.24,-133.74,-201.37,-64.12,50.06
15:01:17,CP_ALL,NORMAL_RUN3,7.018,0.0,501.07,92.18,315.08,93.81,0.727,1.735,0.498,230.59,230.49,231.99,,,,-399.2,-133.71,-201.36,-64.12,50.06
15:01:18,CP_ALL,NORMAL_RUN3,7.02,0.0,540.62,92.36,354.45,93.82,0.727,1.985,0.498,230.51,230.28,231.9,,,,-398.02,-133.65,-200.32,-64.04,50.05
15:01:19,CP_ALL,NORMAL_RUN3,7.021,0.0,505.21,92.19,319.33,93.69,0.726,1.76,0.497,230.45,230.38,231.92,,,,-399.06,-133.59,-201.44,-64.03,50.05
15:01:20,CP_ALL,NORMAL_RUN3,7.013,0.0,483.87,92.29,297.97,93.61,0.726,1.636,0.497,230.48,230.44,231.91,,,,-399.86,-133.68,-202.1,-64.09,50.05
15:01:21,CP_ALL,NORMAL_RUN3,7.01,0.0,479.84,92.18,294.1,93.55,0.725,1.615,0.496,230.47,230.42,231.93,,,,-399.99,-133.68,-202.2,-64.11,50.05
15:01:22,CP_ALL,NORMAL_RUN3,7.02,0.0,514.03,92.22,328.16,93.65,0.725,1.814,0.497,230.61,230.47,232.03,,,,-399.5,-133.81,-201.61,-64.09,50.05
15:01:23,CP_ALL,NORMAL_RUN3,7.017,0.0,530.82,92.29,344.91,93.62,0.725,1.917,0.497,230.58,230.34,231.96,,,,-398.48,-133.85,-200.61,-64.03,50.05
15:01:24,CP_ALL,NORMAL_RUN3,7.011,0.0,539.77,92.24,353.83,93.7,0.725,1.975,0.497,230.57,230.37,231.99,,,,-398.11,-133.75,-200.32,-64.04,50.04
15:01:25,CP_ALL,NORMAL_RUN3,7.006,0.0,505.61,92.25,319.7,93.66,0.725,1.767,0.497,230.61,230.52,232.03,,,,-399.14,-133.76,-201.26,-64.12,50.04
15:01:26,CP_ALL,NORMAL_RUN3,7.006,0.0,480.68,92.23,294.68,93.77,0.725,1.619,0.497,230.49,230.42,231.9,,,,-399.3,-133.64,-201.54,-64.11,50.04
15:01:27,CP_ALL,NORMAL_RUN3,7.012,0.0,482.26,92.14,296.18,93.94,0.726,1.628,0.498,230.56,230.47,231.95,,,,-399.29,-133.66,-201.48,-64.15,50.04
15:01:28,CP_ALL,NORMAL_RUN3,7.017,0.0,499.16,92.3,312.86,94.0,0.728,1.729,0.498,230.5,230.41,231.94,,,,-398.66,-133.7,-200.85,-64.12,50.04
15:01:29,CP_ALL,NORMAL_RUN3,7.017,0.0,543.32,92.19,357.06,94.07,0.727,1.997,0.499,230.51,230.29,231.91,,,,-397.12,-133.63,-199.44,-64.05,50.04
15:01:30,CP_ALL,NORMAL_RUN3,7.017,0.0,515.67,92.15,329.53,93.99,0.727,1.827,0.498,230.54,230.41,231.96,,,,-398.1,-133.65,-200.3,-64.15,50.04
15:01:31,CP_ALL,NORMAL_RUN3,7.017,0.0,516.19,92.22,329.96,94.01,0.727,1.824,0.499,230.63,230.44,232.01,,,,-398.28,-133.68,-200.44,-64.17,50.04
15:01:32,CP_ALL,NORMAL_RUN3,7.017,0.0,517.65,92.15,331.46,94.04,0.727,1.833,0.499,230.58,230.41,231.97,,,,-398.18,-133.65,-200.41,-64.12,50.04
15:01:33,CP_ALL,NORMAL_RUN3,7.017,0.0,491.71,92.32,305.24,94.15,0.728,1.679,0.499,230.64,230.56,232.04,,,,-399.25,-133.79,-201.26,-64.21,50.05
15:01:34,CP_ALL,NORMAL_RUN3,7.015,0.0,514.18,92.17,328.08,93.93,0.726,1.813,0.498,230.59,230.51,232.05,,,,-398.71,-133.72,-200.84,-64.14,50.05
15:01:35,CP_ALL,NORMAL_RUN3,7.014,0.0,486.5,92.25,299.64,94.61,0.726,1.645,0.501,230.56,230.52,231.97,,,,-399.52,-133.66,-201.56,-64.29,50.04
15:01:36,CP_ALL,NORMAL_RUN3,7.014,0.0,494.93,92.27,308.11,94.56,0.725,1.695,0.5,230.64,230.56,232.03,,,,-399.59,-133.8,-201.54,-64.25,50.04
15:01:37,CP_ALL,NORMAL_RUN3,7.012,0.0,505.14,92.3,318.47,94.37,0.725,1.757,0.5,230.65,230.51,232.02,,,,-399.31,-133.83,-201.26,-64.21,50.04
15:01:38,CP_ALL,NORMAL_RUN3,7.012,0.0,483.01,92.21,296.57,94.23,0.725,1.629,0.499,230.68,230.55,232.05,,,,-399.97,-133.91,-201.82,-64.24,50.04
15:01:39,CP_ALL,NORMAL_RUN3,7.012,0.0,493.89,92.02,307.89,93.98,0.724,1.694,0.498,230.76,230.65,232.13,,,,-399.68,-133.93,-201.53,-64.21,50.05
15:01:40,CP_ALL,NORMAL_RUN3,7.011,0.0,509.83,92.18,323.77,93.88,0.725,1.786,0.498,230.73,230.56,232.08,,,,-399.26,-133.89,-201.2,-64.16,50.04
15:01:41,CP_ALL,NORMAL_RUN3,7.012,0.0,523.93,92.19,338.16,93.57,0.725,1.872,0.496,230.72,230.54,232.06,,,,-399.01,-133.87,-201.04,-64.11,50.04
15:01:42,CP_ALL,NORMAL_RUN3,6.994,0.0,554.83,92.18,369.11,93.53,0.725,2.074,0.496,230.75,230.47,232.09,,,,-398.52,-133.86,-200.58,-64.08,50.05
15:01:43,CP_ALL,NORMAL_RUN3,6.993,0.0,536.83,91.36,351.73,93.74,0.722,1.967,0.497,230.68,230.45,232.07,,,,-398.72,-133.59,-201.04,-64.09,50.04
15:01:44,CP_ALL,NORMAL_RUN3,7.011,0.0,489.69,88.33,307.6,93.75,0.711,1.688,0.497,230.65,230.49,232.02,,,,-398.78,-132.8,-201.85,-64.13,50.04
15:01:45,CP_ALL,NORMAL_RUN3,7.009,0.0,506.59,75.65,337.12,93.82,0.658,1.87,0.497,230.71,230.47,232.02,,,,-392.21,-126.86,-201.21,-64.14,50.04
15:01:46,CP_ALL,NORMAL_RUN3,7.002,0.0,505.74,77.6,334.51,93.63,0.667,1.861,0.497,230.69,230.44,232.01,,,,-391.99,-126.89,-201.01,-64.09,50.04
15:01:47,CP_ALL,NORMAL_RUN3,7.01,0.0,480.01,91.83,294.38,93.8,0.725,1.615,0.497,230.64,230.5,232.0,,,,-400.27,-133.91,-202.2,-64.16,50.04
15:01:48,CP_ALL,NORMAL_RUN3,7.008,0.0,503.09,115.13,294.38,93.57,0.818,1.616,0.496,230.61,230.52,232.01,,,,-407.91,-141.81,-202.0,-64.1,50.03
15:01:49,CP_ALL,NORMAL_RUN3,7.007,0.0,514.45,107.31,313.46,93.69,0.786,1.73,0.497,230.59,230.47,231.96,,,,-404.64,-139.03,-201.53,-64.08,50.03
15:01:50,CP_ALL,NORMAL_RUN3,7.009,0.0,552.16,110.51,347.92,93.73,0.8,1.944,0.497,230.62,230.42,232.0,,,,-405.92,-140.72,-201.14,-64.06,50.03
15:01:51,CP_ALL,NORMAL_RUN3,7.004,0.0,552.47,137.59,321.35,93.53,0.901,1.773,0.496,230.55,230.47,231.98,,,,-413.12,-147.47,-201.57,-64.08,50.03
15:01:52,CP_ALL,NORMAL_RUN3,6.992,0.0,515.56,102.19,319.65,93.71,0.766,1.765,0.497,230.64,230.49,232.01,,,,-402.61,-137.22,-201.29,-64.1,50.03
15:01:53,CP_ALL,NORMAL_RUN3,6.989,0.0,537.51,91.95,351.84,93.72,0.725,1.981,0.497,230.67,230.4,232.04,,,,-398.84,-133.84,-200.94,-64.06,50.03
15:01:54,CP_ALL,NORMAL_RUN3,7.007,0.0,483.8,88.72,301.37,93.71,0.712,1.658,0.497,230.7,230.53,232.06,,,,-398.67,-132.55,-202.0,-64.12,50.04
15:01:55,CP_ALL,NORMAL_RUN3,6.995,0.0,487.31,86.4,307.26,93.65,0.705,1.692,0.497,230.7,230.52,232.04,,,,-398.21,-132.22,-201.84,-64.15,50.03
15:01:56,CP_ALL,NORMAL_RUN3,6.998,0.0,536.55,93.3,349.61,93.64,0.731,1.945,0.496,230.66,230.42,232.01,,,,-399.37,-134.64,-200.67,-64.05,50.03
15:01:57,CP_ALL,NORMAL_RUN3,6.967,0.0,537.93,93.93,350.36,93.64,0.732,1.949,0.497,230.61,230.34,231.96,,,,-399.13,-134.55,-200.59,-63.99,50.03
15:01:58,CP_ALL,NORMAL_RUN3,7.003,0.0,525.48,91.01,340.65,93.82,0.721,1.888,0.497,230.6,230.36,231.97,,,,-398.64,-133.52,-201.06,-64.06,50.03
15:01:59,CP_ALL,NORMAL_RUN3,7.003,0.0,517.45,91.68,332.24,93.54,0.723,1.833,0.496,230.71,230.51,232.09,,,,-399.08,-133.8,-201.22,-64.06,50.03
15:02:00,CP_ALL,NORMAL_RUN3,7.002,0.0,505.88,91.87,320.13,93.88,0.724,1.762,0.498,230.66,230.46,232.02,,,,-399.26,-133.78,-201.35,-64.13,50.02
15:02:01,CP_ALL,NORMAL_RUN3,7.004,0.0,488.52,91.68,302.54,94.3,0.724,1.66,0.499,230.6,230.46,231.96,,,,-399.63,-133.67,-201.77,-64.18,50.02
15:02:02,CP_ALL,NORMAL_RUN3,7.004,0.0,501.52,91.42,315.75,94.35,0.723,1.737,0.5,230.64,230.47,231.99,,,,-399.3,-133.71,-201.34,-64.25,50.03
15:02:03,CP_ALL,NORMAL_RUN3,7.005,0.0,492.14,91.66,306.04,94.43,0.724,1.682,0.5,230.63,230.48,231.95,,,,-399.44,-133.7,-201.53,-64.22,50.02
15:02:04,CP_ALL,NORMAL_RUN3,7.001,0.0,476.64,91.36,291.05,94.23,0.722,1.6,0.499,230.59,230.45,231.93,,,,-399.44,-133.52,-201.74,-64.18,50.02
15:02:05,CP_ALL,NORMAL_RUN3,6.997,0.0,503.48,91.46,318.19,93.84,0.722,1.752,0.497,230.6,230.43,231.99,,,,-398.9,-133.6,-201.23,-64.08,50.02
15:02:06,CP_ALL,NORMAL_RUN3,7.004,0.0,518.58,91.38,333.49,93.72,0.722,1.843,0.497,230.62,230.44,232.03,,,,-398.73,-133.61,-201.03,-64.09,50.02
15:02:07,CP_ALL,NORMAL_RUN3,7.001,0.0,530.88,91.25,345.88,93.75,0.722,1.919,0.497,230.65,230.42,232.01,,,,-398.29,-133.56,-200.66,-64.08,50.01
15:02:08,CP_ALL,NORMAL_RUN3,7.001,0.0,548.22,91.53,362.97,93.72,0.723,2.046,0.497,230.63,230.36,232.0,,,,-398.39,-133.57,-200.76,-64.05,50.01
15:02:09,CP_ALL,NORMAL_RUN3,6.995,0.0,482.08,91.28,297.23,93.57,0.722,1.63,0.496,230.68,230.54,232.07,,,,-399.45,-133.57,-201.78,-64.11,50.01
15:02:10,CP_ALL,NORMAL_RUN3,6.995,0.0,519.45,91.31,336.56,91.57,0.722,1.865,0.488,230.65,230.46,232.04,,,,-398.12,-133.53,-200.89,-63.7,50.01
15:02:11,CP_ALL,NORMAL_RUN3,7.001,0.0,517.64,91.35,334.76,91.53,0.722,1.85,0.488,230.6,230.43,231.99,,,,-398.35,-133.67,-200.99,-63.68,50.01
15:02:12,CP_ALL,NORMAL_RUN3,7.0,0.0,502.46,83.15,327.7,91.62,0.689,1.81,0.488,230.63,230.47,231.99,,,,-395.04,-130.21,-201.14,-63.68,50.01
15:02:13,CP_ALL,NORMAL_RUN3,6.994,0.0,458.33,69.83,296.62,91.87,0.631,1.628,0.49,230.63,230.5,231.97,,,,-389.42,-123.79,-201.92,-63.71,50.01
15:02:14,CP_ALL,NORMAL_RUN3,6.977,0.0,507.39,74.5,341.66,91.22,0.652,1.906,0.487,230.68,230.47,232.05,,,,-391.18,-126.33,-201.15,-63.69,50.01
15:02:15,CP_ALL,NORMAL_RUN3,6.985,0.0,534.78,88.57,355.3,90.91,0.713,2.012,0.485,230.67,230.45,232.12,,,,-395.38,-133.06,-198.69,-63.63,50.01
15:02:16,CP_ALL,NORMAL_RUN3,6.99,0.0,423.21,86.47,245.68,91.06,0.704,1.406,0.486,230.62,230.67,232.04,,,,-389.55,-132.14,-193.68,-63.73,50.01
15:02:17,CP_ALL,NORMAL_RUN3,6.992,0.0,411.63,86.9,233.25,91.48,0.706,1.349,0.488,230.61,230.67,232.05,,,,-388.92,-132.28,-192.84,-63.8,50.01
15:02:18,CP_ALL,NORMAL_RUN3,6.973,0.0,418.03,93.17,233.22,91.63,0.73,1.349,0.489,230.65,230.7,232.06,,,,-391.05,-134.33,-192.88,-63.84,50.01
15:02:19,CP_ALL,NORMAL_RUN3,6.964,0.0,418.47,93.85,232.96,91.65,0.733,1.348,0.489,230.61,230.67,232.02,,,,-391.47,-134.86,-192.75,-63.86,50.02
15:02:20,CP_ALL,NORMAL_RUN3,6.999,0.0,419.77,96.45,232.65,90.67,0.745,1.346,0.485,230.68,230.75,232.08,,,,-392.77,-136.34,-192.75,-63.67,50.02
15:02:21,CP_ALL,NORMAL_RUN3,6.991,0.0,454.39,97.98,266.11,90.31,0.748,1.491,0.483,230.72,230.71,232.15,,,,-400.54,-136.04,-200.87,-63.64,50.02
15:02:22,CP_ALL,NORMAL_RUN3,6.994,0.0,495.64,79.91,325.48,90.25,0.676,1.781,0.483,230.74,230.55,232.14,,,,-397.94,-129.03,-205.37,-63.53,50.02
15:02:23,CP_ALL,NORMAL_RUN3,6.983,0.0,539.76,73.55,375.71,90.5,0.648,2.092,0.484,230.76,230.46,232.14,,,,-393.91,-126.09,-204.32,-63.49,50.02
15:02:24,CP_ALL,NORMAL_RUN3,6.992,0.0,493.8,90.23,312.81,90.77,0.72,1.695,0.485,230.74,230.61,232.13,,,,-403.08,-133.71,-205.75,-63.63,50.03
15:02:25,CP_ALL,NORMAL_RUN3,6.993,0.0,540.2,107.09,341.83,91.28,0.787,1.874,0.487,230.74,230.61,232.15,,,,-407.71,-139.09,-204.93,-63.69,50.03
15:02:26,CP_ALL,NORMAL_RUN3,6.989,0.0,572.95,113.28,367.95,91.72,0.812,2.018,0.489,230.61,230.43,232.09,,,,-410.46,-141.13,-205.57,-63.76,50.03
15:02:27,CP_ALL,NORMAL_RUN3,6.982,0.0,508.98,95.08,322.21,91.69,0.738,1.741,0.489,230.58,230.48,232.0,,,,-405.45,-134.53,-207.16,-63.76,50.03
15:02:28,CP_ALL,NORMAL_RUN3,6.992,0.0,530.21,93.28,345.22,91.71,0.732,1.875,0.489,230.65,230.48,232.02,,,,-404.2,-134.07,-206.38,-63.76,50.03
15:02:29,CP_ALL,NORMAL_RUN3,6.991,0.0,533.08,92.57,348.58,91.93,0.729,1.892,0.49,230.64,230.43,231.98,,,,-403.69,-133.85,-206.08,-63.77,50.03
15:02:30,CP_ALL,NORMAL_RUN3,6.987,0.0,520.75,93.2,336.23,91.32,0.731,1.82,0.488,230.63,230.47,232.02,,,,-403.93,-133.86,-206.33,-63.74,50.03
15:02:31,CP_ALL,NORMAL_RUN3,6.989,0.0,520.32,88.17,340.27,91.88,0.712,1.851,0.49,230.71,230.57,232.1,,,,-401.1,-132.25,-205.04,-63.81,50.04
15:02:32,CP_ALL,NORMAL_RUN3,6.983,0.0,487.7,87.71,308.16,91.83,0.709,1.684,0.49,230.56,230.52,231.95,,,,-399.63,-132.31,-203.56,-63.76,50.03
15:02:33,CP_ALL,NORMAL_RUN3,6.986,0.0,492.7,90.66,309.48,92.56,0.719,1.693,0.492,230.51,230.47,231.98,,,,-400.7,-133.18,-203.64,-63.88,50.03
15:02:34,CP_ALL,NORMAL_RUN3,6.989,0.0,522.91,94.37,336.96,91.57,0.732,1.863,0.488,230.63,230.52,232.03,,,,-399.17,-134.17,-201.31,-63.69,50.04
15:02:35,CP_ALL,NORMAL_RUN3,6.985,0.0,507.8,92.69,323.29,91.82,0.727,1.789,0.489,230.61,230.52,232.02,,,,-398.49,-133.82,-200.88,-63.79,50.04
15:02:36,CP_ALL,NORMAL_RUN3,6.981,0.0,485.85,93.04,300.24,92.57,0.728,1.651,0.493,230.56,230.53,231.96,,,,-399.4,-133.86,-201.63,-63.92,50.03
15:02:37,CP_ALL,NORMAL_RUN3,6.987,0.0,532.88,93.48,347.2,92.2,0.73,1.938,0.491,230.57,230.43,231.98,,,,-398.15,-134.04,-200.35,-63.75,50.04
15:02:38,CP_ALL,NORMAL_RUN3,6.983,0.0,551.26,93.19,365.72,92.35,0.728,2.061,0.491,230.71,230.53,232.1,,,,-398.6,-134.1,-200.65,-63.85,50.04
15:02:40,CP_ALL,NORMAL_RUN3,6.987,0.0,494.05,92.78,307.23,94.04,0.727,1.69,0.498,230.78,230.71,232.19,,,,-400.79,-134.14,-202.37,-64.28,50.05
15:02:41,CP_ALL,NORMAL_RUN3,6.986,0.0,519.12,92.34,332.85,93.94,0.726,1.839,0.498,230.72,230.6,232.14,,,,-399.81,-133.95,-201.67,-64.18,50.04
15:02:42,CP_ALL,NORMAL_RUN3,6.985,0.0,512.89,92.22,326.77,93.9,0.725,1.803,0.498,230.67,230.56,232.09,,,,-399.59,-133.85,-201.56,-64.19,50.04
15:02:43,CP_ALL,NORMAL_RUN3,6.984,0.0,508.8,92.33,322.33,94.14,0.725,1.776,0.499,230.66,230.56,232.08,,,,-399.7,-133.85,-201.61,-64.24,50.05
15:02:44,CP_ALL,NORMAL_RUN3,6.986,0.0,488.46,92.28,302.05,94.14,0.725,1.658,0.499,230.75,230.74,232.19,,,,-400.51,-133.88,-202.31,-64.32,50.05
15:02:45,CP_ALL,NORMAL_RUN3,6.985,0.0,501.79,92.16,315.65,93.98,0.725,1.737,0.498,230.66,230.63,232.12,,,,-399.74,-133.85,-201.69,-64.2,50.06
15:02:46,CP_ALL,NORMAL_RUN3,6.985,0.0,482.43,92.29,295.69,94.44,0.725,1.625,0.5,230.54,230.54,231.98,,,,-400.04,-133.74,-202.03,-64.27,50.06
15:02:47,CP_ALL,NORMAL_RUN3,6.982,0.0,483.27,92.23,296.88,94.16,0.725,1.632,0.499,230.78,230.82,232.2,,,,-400.61,-134.02,-202.29,-64.3,50.07
15:02:48,CP_ALL,NORMAL_RUN3,6.982,0.0,502.03,92.26,315.72,94.05,0.725,1.737,0.498,230.63,230.58,232.08,,,,-399.96,-133.85,-201.88,-64.22,50.07
15:02:49,CP_ALL,NORMAL_RUN3,6.982,0.0,525.91,92.3,339.68,93.93,0.726,1.889,0.498,230.7,230.61,232.11,,,,-399.79,-133.93,-201.66,-64.19,50.07
15:02:50,CP_ALL,NORMAL_RUN3,6.983,0.0,522.84,92.21,336.7,93.93,0.725,1.87,0.498,230.69,230.57,232.12,,,,-399.73,-133.88,-201.66,-64.19,50.07
15:02:51,CP_ALL,NORMAL_RUN3,6.979,0.0,492.03,92.13,306.23,93.66,0.725,1.682,0.497,230.75,230.75,232.2,,,,-400.7,-133.94,-202.54,-64.23,50.08
15:02:52,CP_ALL,NORMAL_RUN3,6.969,0.0,480.21,91.97,294.26,93.98,0.724,1.615,0.498,230.73,230.7,232.19,,,,-401.07,-133.93,-202.85,-64.29,50.07
15:02:53,CP_ALL,NORMAL_RUN3,6.984,0.0,507.55,92.08,321.53,93.94,0.725,1.773,0.498,230.56,230.45,232.01,,,,-399.8,-133.74,-201.92,-64.14,50.06
15:02:54,CP_ALL,NORMAL_RUN3,6.981,0.0,520.89,92.21,334.88,93.8,0.725,1.854,0.497,230.6,230.51,232.05,,,,-399.17,-133.83,-201.2,-64.14,50.07
15:02:55,CP_ALL,NORMAL_RUN3,6.971,0.0,536.69,92.21,350.66,93.82,0.725,1.954,0.497,230.67,230.57,232.12,,,,-398.81,-133.89,-200.77,-64.14,50.07
15:02:56,CP_ALL,NORMAL_RUN3,6.967,0.0,531.97,92.23,345.88,93.87,0.725,1.927,0.497,230.58,230.43,232.0,,,,-398.71,-133.77,-200.81,-64.13,50.06
15:02:57,CP_ALL,NORMAL_RUN3,6.969,0.0,481.52,92.26,295.15,94.11,0.725,1.622,0.498,230.58,230.5,232.04,,,,-399.93,-133.7,-202.0,-64.23,50.06
15:02:58,CP_ALL,NORMAL_RUN3,6.968,0.0,481.32,92.4,294.75,94.17,0.726,1.62,0.499,230.57,230.52,232.06,,,,-400.05,-133.79,-202.01,-64.24,50.06
15:02:59,CP_ALL,NORMAL_RUN3,6.981,0.0,484.23,92.21,297.91,94.1,0.725,1.637,0.498,230.72,230.66,232.22,,,,-400.37,-133.9,-202.16,-64.31,50.07
15:03:00,CP_ALL,NORMAL_RUN3,6.979,0.0,531.54,92.08,345.18,94.29,0.724,1.922,0.499,230.49,230.3,232.02,,,,-398.45,-133.63,-200.68,-64.14,50.06
15:03:01,CP_ALL,NORMAL_RUN3,6.979,0.0,543.15,92.25,356.67,94.23,0.725,1.993,0.499,230.56,230.38,232.04,,,,-398.4,-133.76,-200.46,-64.18,50.06
15:03:02,CP_ALL,NORMAL_RUN3,6.979,0.0,513.02,92.17,326.66,94.19,0.725,1.805,0.499,230.75,230.62,232.21,,,,-399.71,-133.95,-201.47,-64.3,50.07
15:03:03,CP_ALL,NORMAL_RUN3,6.979,0.0,520.85,92.2,334.5,94.16,0.725,1.85,0.499,230.56,230.38,231.99,,,,-398.85,-133.77,-200.92,-64.16,50.06
15:03:04,CP_ALL,NORMAL_RUN3,6.979,0.0,506.79,92.16,320.4,94.22,0.725,1.767,0.499,230.56,230.45,231.95,,,,-399.19,-133.7,-201.3,-64.2,50.06
15:03:05,CP_ALL,NORMAL_RUN3,6.979,0.0,507.52,92.05,321.46,94.01,0.725,1.775,0.498,230.54,230.43,231.93,,,,-399.18,-133.72,-201.3,-64.17,50.07
15:03:06,CP_ALL,NORMAL_RUN3,6.976,0.0,497.45,92.17,310.72,94.57,0.725,1.71,0.501,230.48,230.39,231.9,,,,-399.34,-133.67,-201.41,-64.25,50.07
15:03:07,CP_ALL,NORMAL_RUN3,6.977,0.0,489.96,92.13,303.1,94.72,0.725,1.666,0.501,230.46,230.44,231.91,,,,-399.68,-133.63,-201.75,-64.3,50.07
15:03:08,CP_ALL,NORMAL_RUN3,6.976,0.0,504.07,92.23,317.41,94.43,0.725,1.751,0.5,230.31,230.28,231.8,,,,-398.91,-133.61,-201.18,-64.13,50.07
15:03:09,CP_ALL,NORMAL_RUN3,6.976,0.0,491.91,92.13,305.29,94.49,0.725,1.68,0.5,230.37,230.32,231.77,,,,-399.26,-133.56,-201.5,-64.2,50.07
15:03:10,CP_ALL,NORMAL_RUN3,6.974,0.0,480.32,92.08,293.87,94.36,0.725,1.617,0.5,230.4,230.36,231.82,,,,-399.41,-133.58,-201.65,-64.18,50.07
15:03:11,CP_ALL,NORMAL_RUN3,6.973,0.0,511.63,92.15,325.51,93.97,0.725,1.8,0.498,230.34,230.23,231.78,,,,-398.35,-133.56,-200.73,-64.06,50.07
15:03:12,CP_ALL,NORMAL_RUN3,6.976,0.0,522.79,92.12,336.6,94.06,0.725,1.864,0.499,230.36,230.21,231.77,,,,-398.38,-133.61,-200.69,-64.07,50.07
15:03:13,CP_ALL,NORMAL_RUN3,6.951,0.0,531.75,92.33,345.48,93.95,0.726,1.923,0.498,230.37,230.22,231.75,,,,-398.81,-133.62,-201.16,-64.03,50.07
15:03:14,CP_ALL,NORMAL_RUN3,6.962,0.0,546.56,90.32,362.47,93.77,0.719,2.037,0.497,230.51,230.29,231.92,,,,-398.3,-133.22,-201.03,-64.05,50.07
15:03:15,CP_ALL,NORMAL_RUN3,6.972,0.0,496.4,88.78,313.87,93.75,0.713,1.726,0.497,230.43,230.33,231.88,,,,-398.86,-132.83,-201.93,-64.09,50.07
15:03:16,CP_ALL,NORMAL_RUN3,6.973,0.0,485.45,73.08,318.31,94.06,0.647,1.761,0.499,230.31,230.15,231.73,,,,-391.03,-125.42,-201.53,-64.07,50.07
15:03:17,CP_ALL,NORMAL_RUN3,6.965,0.0,535.08,79.44,361.8,93.84,0.673,2.045,0.497,230.53,230.34,231.94,,,,-393.13,-127.79,-201.27,-64.07,50.07
15:03:18,CP_ALL,NORMAL_RUN3,6.973,0.0,490.54,92.7,303.92,93.93,0.729,1.676,0.498,230.45,230.38,231.89,,,,-400.35,-133.95,-202.26,-64.14,50.07
15:03:19,CP_ALL,NORMAL_RUN3,6.974,0.0,509.98,123.43,292.79,93.76,0.85,1.609,0.498,230.3,230.3,231.8,,,,-410.4,-144.23,-202.11,-64.07,50.07
15:03:20,CP_ALL,NORMAL_RUN3,6.971,0.0,497.29,105.17,298.15,93.97,0.779,1.638,0.498,230.41,230.35,231.87,,,,-404.58,-138.46,-201.99,-64.13,50.07
15:03:21,CP_ALL,NORMAL_RUN3,6.973,0.0,556.12,121.43,340.82,93.87,0.846,1.899,0.498,230.4,230.25,231.89,,,,-408.83,-144.18,-200.61,-64.04,50.07
15:03:22,CP_ALL,NORMAL_RUN3,6.973,0.0,579.92,140.73,345.44,93.75,0.917,1.923,0.497,230.34,230.24,231.85,,,,-413.01,-148.75,-200.25,-64.01,50.07
15:03:23,CP_ALL,NORMAL_RUN3,6.95,0.0,501.24,101.99,305.49,93.76,0.767,1.681,0.498,230.39,230.28,231.84,,,,-402.81,-137.19,-201.54,-64.08,50.07
15:03:24,CP_ALL,NORMAL_RUN3,6.957,0.0,545.65,94.13,357.64,93.88,0.734,2.008,0.498,230.49,230.28,231.94,,,,-398.68,-134.57,-199.99,-64.13,50.07
15:03:25,CP_ALL,NORMAL_RUN3,6.965,0.0,511.22,89.27,328.07,93.88,0.717,1.833,0.498,230.51,230.31,231.97,,,,-397.95,-133.02,-200.82,-64.1,50.07
15:03:26,CP_ALL,NORMAL_RUN3,6.961,0.0,478.87,87.94,297.09,93.85,0.712,1.633,0.498,230.36,230.23,231.83,,,,-398.35,-132.64,-201.64,-64.07,50.07
15:03:27,CP_ALL,NORMAL_RUN3,6.955,0.0,530.35,93.89,342.4,94.06,0.735,1.906,0.499,230.33,230.14,231.82,,,,-398.79,-134.59,-200.15,-64.05,50.06
15:03:28,CP_ALL,NORMAL_RUN3,6.935,0.0,552.34,94.81,363.64,93.9,0.739,2.036,0.498,230.55,230.28,231.99,,,,-398.46,-134.89,-199.52,-64.05,50.07
15:03:29,CP_ALL,NORMAL_RUN3,6.968,0.0,515.97,92.66,329.34,93.98,0.731,1.822,0.499,230.35,230.14,231.79,,,,-398.34,-133.92,-200.38,-64.05,50.07
15:03:30,CP_ALL,NORMAL_RUN3,6.966,0.0,531.15,91.59,345.75,93.82,0.727,1.918,0.498,230.36,230.11,231.8,,,,-397.54,-133.56,-199.98,-64.0,50.07
15:03:31,CP_ALL,NORMAL_RUN3,6.967,0.0,510.5,91.24,325.42,93.84,0.726,1.796,0.498,230.43,230.27,231.9,,,,-398.34,-133.51,-200.75,-64.08,50.07
15:03:32,CP_ALL,NORMAL_RUN3,6.965,0.0,494.28,91.11,308.89,94.28,0.724,1.701,0.5,230.39,230.28,231.88,,,,-398.82,-133.5,-201.17,-64.15,50.07
15:03:33,CP_ALL,NORMAL_RUN3,6.965,0.0,495.46,91.29,309.73,94.43,0.724,1.707,0.5,230.39,230.27,231.89,,,,-399.23,-133.62,-201.45,-64.16,50.07
15:03:34,CP_ALL,NORMAL_RUN3,6.965,0.0,506.79,91.43,320.81,94.55,0.725,1.773,0.501,230.49,230.36,231.99,,,,-399.22,-133.75,-201.23,-64.24,50.07
15:03:35,CP_ALL,NORMAL_RUN3,6.963,0.0,477.47,91.29,291.7,94.48,0.724,1.605,0.5,230.37,230.25,231.86,,,,-399.58,-133.61,-201.79,-64.18,50.06
15:03:36,CP_ALL,NORMAL_RUN3,6.963,0.0,495.71,91.35,310.39,93.98,0.725,1.71,0.498,230.45,230.35,231.95,,,,-399.13,-133.68,-201.34,-64.1,50.07
15:03:37,CP_ALL,NORMAL_RUN3,6.961,0.0,506.44,91.14,321.52,93.78,0.724,1.774,0.498,230.42,230.26,231.94,,,,-398.38,-133.59,-200.72,-64.07,50.07
15:03:38,CP_ALL,NORMAL_RUN3,6.964,0.0,545.29,91.08,360.29,93.91,0.723,2.025,0.498,230.5,230.27,232.04,,,,-397.58,-133.62,-199.87,-64.09,50.07
15:03:39,CP_ALL,NORMAL_RUN3,6.963,0.0,546.13,91.32,360.93,93.88,0.724,2.028,0.498,230.34,230.11,231.83,,,,-397.46,-133.51,-199.96,-64.0,50.06
15:03:40,CP_ALL,NORMAL_RUN3,6.957,0.0,480.29,91.19,295.21,93.88,0.724,1.622,0.498,230.54,230.46,231.99,,,,-399.81,-133.74,-201.83,-64.23,50.07
15:03:41,CP_ALL,NORMAL_RUN3,6.962,0.0,496.54,91.21,312.82,92.51,0.724,1.73,0.492,230.52,230.36,232.0,,,,-399.03,-133.68,-201.45,-63.9,50.07
15:03:42,CP_ALL,NORMAL_RUN3,6.927,0.0,520.85,91.5,337.63,91.72,0.725,1.872,0.489,230.35,230.15,231.84,,,,-397.81,-133.64,-200.52,-63.65,50.06
15:03:43,CP_ALL,NORMAL_RUN3,6.964,0.0,511.19,79.42,340.16,91.61,0.673,1.888,0.488,230.57,230.36,232.06,,,,-393.28,-128.49,-201.07,-63.72,50.07
15:03:44,CP_ALL,NORMAL_RUN3,6.956,0.0,467.4,69.02,306.33,92.05,0.628,1.688,0.49,230.61,230.43,232.06,,,,-389.24,-123.48,-201.87,-63.88,50.07
15:03:45,CP_ALL,NORMAL_RUN3,6.939,0.0,489.29,80.49,316.66,92.15,0.679,1.751,0.491,230.44,230.22,231.88,,,,-393.47,-128.38,-201.32,-63.77,50.06
15:03:46,CP_ALL,NORMAL_RUN3,6.951,0.0,570.37,89.88,389.28,91.21,0.718,2.211,0.487,230.49,230.18,231.99,,,,-396.81,-133.42,-199.83,-63.56,50.07
15:03:47,CP_ALL,NORMAL_RUN3,6.95,0.0,429.89,86.18,252.6,91.11,0.704,1.447,0.487,230.41,230.42,231.88,,,,-388.88,-131.68,-193.55,-63.66,50.06
15:03:48,CP_ALL,NORMAL_RUN3,6.958,0.0,411.76,87.53,233.01,91.22,0.709,1.348,0.487,230.34,230.46,231.8,,,,-388.38,-132.27,-192.47,-63.63,50.06
15:03:49,CP_ALL,NORMAL_RUN3,6.932,0.0,419.14,94.64,232.78,91.72,0.737,1.348,0.489,230.42,230.49,231.87,,,,-391.22,-134.89,-192.59,-63.74,50.06
15:03:50,CP_ALL,NORMAL_RUN3,6.935,0.0,419.17,94.65,232.11,92.4,0.736,1.345,0.492,230.38,230.44,231.84,,,,-391.14,-134.78,-192.46,-63.91,50.06
15:03:51,CP_ALL,NORMAL_RUN3,6.96,0.0,421.14,97.16,232.48,91.5,0.748,1.347,0.488,230.42,230.49,231.9,,,,-391.78,-135.64,-192.42,-63.71,50.06
15:03:52,CP_ALL,NORMAL_RUN3,6.957,0.0,417.59,95.11,232.13,90.35,0.738,1.346,0.484,230.48,230.48,231.92,,,,-390.79,-134.72,-192.51,-63.56,50.06
15:03:53,CP_ALL,NORMAL_RUN3,6.958,0.0,426.13,77.84,257.94,90.35,0.668,1.458,0.484,230.42,230.33,231.85,,,,-389.88,-127.36,-199.01,-63.51,50.06
15:03:54,CP_ALL,NORMAL_RUN3,6.946,0.0,477.83,76.34,311.53,89.96,0.663,1.7,0.482,230.5,230.35,231.95,,,,-393.37,-124.59,-205.36,-63.42,50.06
15:03:55,CP_ALL,NORMAL_RUN3,6.957,0.0,555.77,91.82,373.94,90.01,0.725,2.088,0.482,230.36,230.11,231.84,,,,-400.21,-133.54,-203.34,-63.33,50.06
15:03:56,CP_ALL,NORMAL_RUN3,6.952,0.0,514.55,112.28,311.98,90.29,0.807,1.695,0.484,230.27,230.23,231.84,,,,-409.13,-140.48,-205.22,-63.43,50.06
15:03:57,CP_ALL,NORMAL_RUN3,6.956,0.0,536.06,109.51,335.78,90.78,0.796,1.843,0.485,230.44,230.29,231.97,,,,-410.63,-139.61,-207.48,-63.55,50.07
15:03:58,CP_ALL,NORMAL_RUN3,6.955,0.0,557.72,94.73,371.65,91.34,0.736,2.046,0.488,230.45,230.13,231.92,,,,-404.55,-134.4,-206.57,-63.58,50.06
15:03:59,CP_ALL,NORMAL_RUN3,6.95,0.0,508.42,93.02,323.87,91.53,0.729,1.753,0.489,230.46,230.28,231.92,,,,-404.69,-133.81,-207.19,-63.7,50.06
15:04:00,CP_ALL,NORMAL_RUN3,6.956,0.0,521.16,92.62,337.11,91.44,0.728,1.832,0.488,230.4,230.17,231.86,,,,-403.73,-133.7,-206.36,-63.67,50.06
15:04:01,CP_ALL,NORMAL_RUN3,6.954,0.0,536.98,92.61,352.86,91.51,0.727,1.918,0.488,230.5,230.25,232.0,,,,-403.71,-133.82,-206.19,-63.7,50.07
15:04:02,CP_ALL,NORMAL_RUN3,6.95,0.0,528.54,93.68,343.62,91.24,0.731,1.866,0.487,230.37,230.16,231.86,,,,-403.6,-133.94,-206.06,-63.59,50.06
15:04:03,CP_ALL,NORMAL_RUN3,6.95,0.0,501.99,87.75,322.62,91.62,0.709,1.752,0.489,230.26,230.08,231.75,,,,-401.26,-131.96,-205.64,-63.66,50.06
15:04:04,CP_ALL,NORMAL_RUN3,6.948,0.0,493.58,87.47,314.02,92.09,0.709,1.72,0.491,230.59,230.46,232.09,,,,-399.81,-132.25,-203.67,-63.89,50.07
15:04:05,CP_ALL,NORMAL_RUN3,6.953,0.0,530.11,91.23,347.21,91.66,0.721,1.936,0.489,230.48,230.18,231.89,,,,-397.78,-133.09,-201.04,-63.65,50.06
15:04:06,CP_ALL,NORMAL_RUN3,6.943,0.0,486.53,94.29,300.95,91.3,0.733,1.658,0.488,230.39,230.25,231.82,,,,-398.88,-133.91,-201.37,-63.6,50.06
15:04:07,CP_ALL,NORMAL_RUN3,6.95,0.0,508.6,92.92,323.37,92.31,0.728,1.797,0.491,230.62,230.41,232.02,,,,-399.2,-133.88,-201.42,-63.9,50.06
15:04:08,CP_ALL,NORMAL_RUN3,6.948,0.0,556.06,93.3,370.84,91.92,0.729,2.097,0.49,230.48,230.18,231.91,,,,-397.92,-133.91,-200.32,-63.68,50.06
15:04:09,CP_ALL,NORMAL_RUN3,6.951,0.0,503.32,93.71,316.42,93.19,0.73,1.755,0.495,230.54,230.39,231.98,,,,-399.67,-134.04,-201.59,-64.03,50.06
15:04:10,CP_ALL,NORMAL_RUN3,6.952,0.0,512.51,93.38,325.62,93.51,0.729,1.797,0.496,230.5,230.39,232.0,,,,-399.62,-133.99,-201.56,-64.07,50.06
15:04:11,CP_ALL,NORMAL_RUN3,6.952,0.0,515.32,93.1,328.64,93.58,0.728,1.815,0.497,230.43,230.28,231.9,,,,-399.38,-133.81,-201.49,-64.08,50.05
15:04:12,CP_ALL,NORMAL_RUN3,6.951,0.0,517.09,92.65,330.63,93.8,0.727,1.826,0.497,230.56,230.4,232.06,,,,-399.66,-133.88,-201.66,-64.11,50.06
15:04:14,CP_ALL,NORMAL_RUN3,6.949,0.0,491.39,92.29,305.4,93.7,0.725,1.679,0.497,230.58,230.48,232.1,,,,-399.96,-133.76,-202.05,-64.16,50.06
15:04:15,CP_ALL,NORMAL_RUN3,6.95,0.0,493.92,92.22,307.99,93.71,0.725,1.694,0.497,230.51,230.41,232.0,,,,-399.51,-133.65,-201.7,-64.15,50.06
15:04:16,CP_ALL,NORMAL_RUN3,6.948,0.0,495.57,92.24,309.48,93.85,0.725,1.704,0.498,230.53,230.42,231.97,,,,-399.42,-133.68,-201.58,-64.15,50.06
15:04:17,CP_ALL,NORMAL_RUN3,6.947,0.0,477.77,92.22,291.58,93.97,0.725,1.605,0.498,230.63,230.58,232.1,,,,-400.16,-133.72,-202.21,-64.24,50.06
15:04:18,CP_ALL,NORMAL_RUN3,6.947,0.0,499.2,92.29,313.39,93.53,0.726,1.728,0.496,230.52,230.43,232.03,,,,-399.29,-133.73,-201.46,-64.1,50.06
15:04:19,CP_ALL,NORMAL_RUN3,6.947,0.0,498.59,92.25,312.93,93.41,0.725,1.726,0.496,230.56,230.43,232.03,,,,-399.43,-133.74,-201.61,-64.08,50.06
15:04:20,CP_ALL,NORMAL_RUN3,6.941,0.0,541.11,92.28,355.29,93.53,0.726,1.995,0.496,230.52,230.27,231.97,,,,-397.9,-133.7,-200.18,-64.02,50.06
15:04:21,CP_ALL,NORMAL_RUN3,6.947,0.0,499.31,92.2,313.82,93.28,0.726,1.73,0.495,230.48,230.35,231.97,,,,-399.27,-133.62,-201.64,-64.01,50.06
15:04:22,CP_ALL,NORMAL_RUN3,6.935,0.0,481.59,92.19,296.1,93.29,0.726,1.627,0.495,230.63,230.53,232.1,,,,-400.33,-133.79,-202.42,-64.12,50.06
15:04:23,CP_ALL,NORMAL_RUN3,6.943,0.0,481.92,92.26,296.36,93.3,0.726,1.63,0.495,230.59,230.47,232.05,,,,-400.18,-133.72,-202.36,-64.11,50.06
15:04:24,CP_ALL,NORMAL_RUN3,6.946,0.0,521.43,92.32,335.83,93.28,0.726,1.863,0.495,230.44,230.3,232.0,,,,-399.04,-133.66,-201.35,-64.03,50.06
15:04:25,CP_ALL,NORMAL_RUN3,6.943,0.0,529.5,92.21,344.0,93.29,0.725,1.911,0.495,230.42,230.26,231.94,,,,-398.62,-133.62,-201.02,-63.97,50.06
15:04:26,CP_ALL,NORMAL_RUN3,6.928,0.0,551.21,92.04,365.78,93.39,0.725,2.047,0.496,230.53,230.33,232.05,,,,-398.41,-133.68,-200.67,-64.06,50.06
15:04:27,CP_ALL,NORMAL_RUN3,6.931,0.0,497.98,92.1,312.57,93.31,0.725,1.727,0.495,230.49,230.4,232.0,,,,-399.31,-133.63,-201.64,-64.04,50.06
15:04:28,CP_ALL,NORMAL_RUN3,6.931,0.0,481.16,92.28,295.38,93.5,0.726,1.624,0.496,230.51,230.42,231.98,,,,-399.8,-133.71,-202.01,-64.08,50.06
15:04:29,CP_ALL,NORMAL_RUN3,6.939,0.0,480.82,92.27,295.28,93.27,0.725,1.623,0.495,230.55,230.45,232.02,,,,-399.79,-133.7,-201.98,-64.11,50.06
15:04:30,CP_ALL,NORMAL_RUN3,6.944,0.0,500.34,92.19,314.67,93.49,0.725,1.74,0.496,230.45,230.39,231.98,,,,-399.24,-133.6,-201.52,-64.12,50.05
15:04:31,CP_ALL,NORMAL_RUN3,6.942,0.0,546.62,92.08,360.81,93.72,0.724,2.02,0.497,230.42,230.26,231.98,,,,-397.99,-133.56,-200.38,-64.05,50.05
15:04:32,CP_ALL,NORMAL_RUN3,6.942,0.0,518.26,92.28,332.23,93.75,0.725,1.845,0.497,230.56,230.43,232.05,,,,-398.88,-133.76,-201.0,-64.12,50.06
15:04:33,CP_ALL,NORMAL_RUN3,6.942,0.0,514.65,92.38,328.61,93.67,0.726,1.816,0.497,230.5,230.37,232.03,,,,-398.93,-133.75,-201.12,-64.07,50.06
15:04:34,CP_ALL,NORMAL_RUN3,6.942,0.0,518.34,92.26,332.4,93.69,0.725,1.838,0.497,230.61,230.44,232.1,,,,-398.97,-133.8,-201.04,-64.13,50.06
15:04:35,CP_ALL,NORMAL_RUN3,6.942,0.0,496.03,92.23,310.05,93.76,0.725,1.709,0.497,230.48,230.37,231.94,,,,-399.18,-133.65,-201.43,-64.1,50.06
15:04:36,CP_ALL,NORMAL_RUN3,6.941,0.0,515.16,92.26,329.11,93.78,0.726,1.821,0.497,230.55,230.41,232.05,,,,-399.11,-133.75,-201.21,-64.15,50.06
15:04:37,CP_ALL,NORMAL_RUN3,6.939,0.0,484.05,92.25,297.84,93.96,0.726,1.637,0.498,230.51,230.45,231.98,,,,-399.8,-133.69,-201.93,-64.19,50.06
15:04:38,CP_ALL,NORMAL_RUN3,6.942,0.0,494.76,92.33,308.22,94.2,0.726,1.697,0.499,230.34,230.24,231.85,,,,-399.0,-133.56,-201.3,-64.14,50.05
15:04:39,CP_ALL,NORMAL_RUN3,6.942,0.0,507.48,92.19,321.06,94.24,0.725,1.772,0.499,230.76,230.64,232.31,,,,-399.84,-133.89,-201.59,-64.36,50.07
15:04:40,CP_ALL,NORMAL_RUN3,6.941,0.0,480.0,92.19,293.34,94.47,0.725,1.615,0.5,230.26,230.18,231.78,,,,-398.98,-133.4,-201.46,-64.12,50.05
15:04:41,CP_ALL,NORMAL_RUN3,6.939,0.0,494.68,92.19,308.9,93.59,0.725,1.702,0.496,230.77,230.67,232.34,,,,-400.09,-133.95,-201.88,-64.26,50.06
15:04:42,CP_ALL,NORMAL_RUN3,6.937,0.0,511.98,92.03,326.63,93.32,0.724,1.803,0.495,230.86,230.72,232.39,,,,-399.69,-133.97,-201.48,-64.24,50.06
15:04:43,CP_ALL,NORMAL_RUN3,6.938,0.0,529.18,92.44,343.13,93.61,0.726,1.903,0.496,230.54,230.37,232.06,,,,-398.58,-133.72,-200.79,-64.08,50.05
15:04:44,CP_ALL,NORMAL_RUN3,6.937,0.0,539.7,92.33,353.78,93.59,0.726,1.988,0.496,230.76,230.57,232.29,,,,-399.41,-133.92,-201.31,-64.18,50.06
15:04:45,CP_ALL,NORMAL_RUN3,6.937,0.0,522.99,92.23,337.43,93.33,0.725,1.878,0.495,230.76,230.53,232.26,,,,-399.29,-133.85,-201.3,-64.13,50.06
15:04:46,CP_ALL,NORMAL_RUN3,6.905,0.0,490.75,92.25,305.16,93.34,0.726,1.674,0.495,230.66,230.53,232.18,,,,-400.18,-133.82,-202.23,-64.13,50.05
15:04:47,CP_ALL,NORMAL_RUN3,6.933,0.0,535.71,90.01,352.27,93.44,0.718,1.974,0.496,230.83,230.54,232.34,,,,-398.83,-133.39,-201.24,-64.2,50.06
15:04:48,CP_ALL,NORMAL_RUN3,6.936,0.0,514.4,88.08,332.91,93.41,0.711,1.858,0.495,230.77,230.51,232.27,,,,-398.85,-132.88,-201.86,-64.12,50.05
15:04:49,CP_ALL,NORMAL_RUN3,6.935,0.0,458.54,70.73,294.49,93.31,0.637,1.615,0.495,230.69,230.47,232.15,,,,-390.59,-124.19,-202.33,-64.08,50.05
15:04:50,CP_ALL,NORMAL_RUN3,6.926,0.0,473.14,84.8,295.17,93.18,0.698,1.618,0.494,230.87,230.69,232.38,,,,-397.4,-130.68,-202.57,-64.14,50.06
15:04:51,CP_ALL,NORMAL_RUN3,6.935,0.0,500.44,96.82,310.09,93.53,0.746,1.708,0.496,230.82,230.66,232.38,,,,-402.33,-135.9,-202.17,-64.25,50.05
15:04:52,CP_ALL,NORMAL_RUN3,6.935,0.0,582.0,122.23,366.31,93.46,0.846,2.054,0.495,230.82,230.6,232.44,,,,-408.99,-144.39,-200.39,-64.21,50.05
15:04:53,CP_ALL,NORMAL_RUN3,6.931,0.0,508.94,101.83,313.78,93.33,0.766,1.721,0.495,230.94,230.78,232.51,,,,-404.19,-137.82,-202.09,-64.28,50.05
15:04:54,CP_ALL,NORMAL_RUN3,6.935,0.0,549.79,130.75,325.6,93.45,0.883,1.802,0.495,230.9,230.77,232.53,,,,-413.9,-147.61,-201.99,-64.29,50.05
15:04:55,CP_ALL,NORMAL_RUN3,6.931,0.0,603.25,145.34,364.55,93.37,0.933,2.063,0.495,230.92,230.72,232.58,,,,-415.37,-150.21,-200.89,-64.27,50.05
15:04:56,CP_ALL,NORMAL_RUN3,6.926,0.0,507.15,119.07,294.69,93.39,0.833,1.617,0.495,230.87,230.81,232.49,,,,-410.08,-143.23,-202.51,-64.34,50.05
15:04:57,CP_ALL,NORMAL_RUN3,6.907,0.0,506.67,95.79,317.52,93.37,0.741,1.753,0.495,230.94,230.76,232.51,,,,-402.16,-135.7,-202.17,-64.29,50.05
15:04:58,CP_ALL,NORMAL_RUN3,6.93,0.0,542.97,93.1,356.37,93.5,0.73,1.987,0.496,231.01,230.75,232.59,,,,-400.35,-134.84,-201.19,-64.32,50.06
15:04:59,CP_ALL,NORMAL_RUN3,6.921,0.0,519.85,87.82,338.51,93.52,0.711,1.874,0.496,230.98,230.73,232.54,,,,-399.1,-133.1,-201.69,-64.32,50.06
15:05:00,CP_ALL,NORMAL_RUN3,6.931,0.0,526.15,90.71,342.11,93.32,0.723,1.894,0.495,230.91,230.65,232.44,,,,-399.87,-134.28,-201.39,-64.2,50.05
15:05:01,CP_ALL,NORMAL_RUN3,6.894,0.0,523.7,97.75,332.57,93.38,0.749,1.836,0.495,230.91,230.71,232.5,,,,-402.41,-136.4,-201.79,-64.22,50.06
15:05:02,CP_ALL,NORMAL_RUN3,6.915,0.0,508.56,93.93,321.29,93.34,0.734,1.768,0.495,230.82,230.58,232.37,,,,-400.77,-134.82,-201.73,-64.21,50.05
15:05:03,CP_ALL,NORMAL_RUN3,6.929,0.0,487.6,92.95,300.56,94.09,0.73,1.648,0.498,230.67,230.46,232.23,,,,-400.82,-134.41,-202.13,-64.27,50.05
15:05:04,CP_ALL,NORMAL_RUN3,6.929,0.0,509.27,92.8,322.49,93.99,0.73,1.776,0.498,231.02,230.77,232.57,,,,-400.95,-134.68,-201.87,-64.4,50.05
15:05:05,CP_ALL,NORMAL_RUN3,6.931,0.0,494.03,92.67,307.56,93.8,0.729,1.692,0.497,231.05,230.85,232.57,,,,-401.18,-134.64,-202.16,-64.38,50.05
15:05:06,CP_ALL,NORMAL_RUN3,6.926,0.0,482.56,92.9,295.79,93.88,0.73,1.628,0.497,230.86,230.64,232.36,,,,-400.88,-134.49,-202.07,-64.33,50.05
15:05:07,CP_ALL,NORMAL_RUN3,6.924,0.0,504.25,92.89,317.92,93.44,0.73,1.751,0.495,230.93,230.68,232.44,,,,-400.54,-134.63,-201.66,-64.25,50.05
15:05:08,CP_ALL,NORMAL_RUN3,6.929,0.0,519.94,93.05,333.67,93.21,0.73,1.844,0.495,230.93,230.67,232.45,,,,-400.32,-134.69,-201.46,-64.17,50.05
15:05:09,CP_ALL,NORMAL_RUN3,6.926,0.0,529.9,92.85,343.87,93.19,0.73,1.904,0.494,230.92,230.63,232.44,,,,-400.11,-134.64,-201.37,-64.11,50.05
15:05:10,CP_ALL,NORMAL_RUN3,6.926,0.0,571.96,92.96,385.69,93.31,0.73,2.18,0.495,230.96,230.56,232.47,,,,-399.03,-134.59,-200.26,-64.18,50.05
15:05:11,CP_ALL,NORMAL_RUN3,6.922,0.0,501.58,92.84,315.41,93.33,0.73,1.745,0.495,230.9,230.64,232.4,,,,-400.73,-134.57,-201.91,-64.25,50.05
15:05:12,CP_ALL,NORMAL_RUN3,6.925,0.0,483.47,92.73,298.02,92.72,0.729,1.633,0.492,231.03,230.82,232.57,,,,-401.25,-134.67,-202.34,-64.24,50.05
15:05:13,CP_ALL,NORMAL_RUN3,6.927,0.0,521.41,92.84,337.41,91.16,0.729,1.869,0.486,230.89,230.58,232.46,,,,-399.44,-134.52,-201.13,-63.8,50.05
15:05:14,CP_ALL,NORMAL_RUN3,6.926,0.0,525.76,92.61,341.89,91.27,0.729,1.9,0.487,230.47,230.17,231.96,,,,-397.92,-134.05,-200.28,-63.6,50.04
15:05:15,CP_ALL,NORMAL_RUN3,6.926,0.0,511.17,92.9,327.05,91.23,0.732,1.814,0.488,230.37,230.1,231.78,,,,-397.32,-133.93,-199.86,-63.53,50.05
15:05:16,CP_ALL,NORMAL_RUN3,6.895,0.0,483.54,92.88,298.41,92.25,0.731,1.642,0.492,230.32,230.12,231.76,,,,-398.43,-133.89,-200.8,-63.74,50.04
15:05:17,CP_ALL,NORMAL_RUN3,6.918,0.0,542.16,89.24,362.1,90.82,0.719,2.05,0.486,230.48,230.1,231.96,,,,-395.41,-133.02,-198.88,-63.51,50.04
15:05:18,CP_ALL,NORMAL_RUN3,6.925,0.0,503.67,77.62,335.27,90.78,0.666,1.921,0.486,230.66,230.33,231.89,,,,-387.11,-127.28,-196.36,-63.47,50.04
15:05:19,CP_ALL,NORMAL_RUN3,6.921,0.0,395.89,72.44,232.39,91.06,0.645,1.346,0.487,230.87,230.83,231.99,,,,-381.77,-125.37,-192.73,-63.67,50.04
15:05:20,CP_ALL,NORMAL_RUN3,6.909,0.0,412.78,88.96,231.75,92.07,0.716,1.344,0.491,230.82,230.74,231.93,,,,-389.61,-133.11,-192.68,-63.83,50.04
15:05:21,CP_ALL,NORMAL_RUN3,6.914,0.0,411.13,86.73,232.51,91.89,0.708,1.347,0.49,230.89,230.8,231.95,,,,-389.09,-132.42,-192.82,-63.85,50.04
15:05:22,CP_ALL,NORMAL_RUN3,6.919,0.0,411.2,87.16,232.95,91.09,0.709,1.349,0.487,230.87,230.78,231.93,,,,-388.81,-132.34,-192.79,-63.67,50.04
15:05:23,CP_ALL,NORMAL_RUN3,6.902,0.0,418.61,95.21,233.33,90.07,0.741,1.35,0.483,230.86,230.83,232.02,,,,-391.81,-135.38,-192.87,-63.56,50.04
15:05:24,CP_ALL,NORMAL_RUN3,6.894,0.0,439.0,95.43,253.69,89.87,0.741,1.437,0.482,230.94,230.87,232.08,,,,-396.47,-135.42,-197.54,-63.51,50.04
15:05:25,CP_ALL,NORMAL_RUN3,6.924,0.0,511.05,98.15,322.81,90.1,0.753,1.767,0.483,230.83,230.62,231.99,,,,-405.78,-136.86,-205.46,-63.47,50.04
15:05:26,CP_ALL,NORMAL_RUN3,6.92,0.0,579.45,103.56,386.01,89.88,0.776,2.155,0.482,230.97,230.63,232.13,,,,-406.77,-139.15,-204.13,-63.5,50.04
15:05:27,CP_ALL,NORMAL_RUN3,6.918,0.0,494.83,92.43,312.55,89.86,0.728,1.698,0.482,230.98,230.76,232.14,,,,-403.68,-134.31,-205.86,-63.51,50.04
15:05:28,CP_ALL,NORMAL_RUN3,6.92,0.0,505.69,72.03,343.16,90.5,0.643,1.892,0.484,231.02,230.72,232.16,,,,-393.75,-125.41,-204.74,-63.6,50.04
15:05:29,CP_ALL,NORMAL_RUN3,6.908,0.0,530.21,79.61,359.3,91.3,0.675,2.0,0.487,231.04,230.7,232.18,,,,-398.45,-129.34,-205.35,-63.76,50.04
15:05:30,CP_ALL,NORMAL_RUN3,6.915,0.0,511.83,96.35,324.04,91.45,0.743,1.749,0.488,230.94,230.67,232.08,,,,-407.0,-135.56,-207.68,-63.76,50.04
15:05:31,CP_ALL,NORMAL_RUN3,6.919,0.0,546.44,121.36,333.84,91.23,0.842,1.806,0.487,230.75,230.54,232.0,,,,-414.7,-143.83,-207.21,-63.66,50.04
15:05:32,CP_ALL,NORMAL_RUN3,6.914,0.0,545.78,101.1,353.31,91.37,0.762,1.914,0.487,230.84,230.63,232.09,,,,-407.9,-137.15,-207.03,-63.71,50.05
15:05:33,CP_ALL,NORMAL_RUN3,6.909,0.0,524.89,94.42,339.36,91.11,0.733,1.831,0.486,230.92,230.73,232.13,,,,-405.76,-134.65,-207.44,-63.67,50.04
15:05:34,CP_ALL,NORMAL_RUN3,6.917,0.0,523.92,88.9,343.64,91.38,0.713,1.868,0.488,230.72,230.54,231.94,,,,-401.87,-132.89,-205.39,-63.59,50.04
15:05:35,CP_ALL,NORMAL_RUN3,6.911,0.0,492.01,87.57,313.14,91.3,0.708,1.709,0.487,231.02,230.82,232.19,,,,-400.46,-132.57,-204.12,-63.77,50.04
15:05:36,CP_ALL,NORMAL_RUN3,6.911,0.0,491.73,90.73,309.59,91.42,0.719,1.691,0.488,231.0,230.8,232.13,,,,-400.89,-133.19,-203.91,-63.79,50.04
15:05:37,CP_ALL,NORMAL_RUN3,6.916,0.0,529.29,93.9,344.38,91.01,0.731,1.901,0.486,230.84,230.56,231.96,,,,-399.91,-134.25,-202.09,-63.58,50.04
15:05:38,CP_ALL,NORMAL_RUN3,6.915,0.0,515.29,92.82,331.83,90.64,0.728,1.835,0.485,230.8,230.6,231.95,,,,-399.07,-134.1,-201.48,-63.49,50.04
15:05:39,CP_ALL,NORMAL_RUN3,6.912,0.0,484.67,93.07,300.26,91.34,0.729,1.65,0.487,230.93,230.79,232.07,,,,-400.2,-134.28,-202.17,-63.75,50.04
15:05:40,CP_ALL,NORMAL_RUN3,6.915,0.0,531.51,93.69,346.43,91.39,0.731,1.931,0.487,231.01,230.72,232.14,,,,-399.18,-134.41,-201.05,-63.72,50.04
15:05:41,CP_ALL,NORMAL_RUN3,6.904,0.0,559.06,93.45,372.88,92.73,0.729,2.106,0.493,230.89,230.61,232.13,,,,-398.69,-134.32,-200.46,-63.91,50.04
15:05:42,CP_ALL,NORMAL_RUN3,6.915,0.0,497.48,93.25,310.39,93.83,0.729,1.706,0.497,230.91,230.78,232.15,,,,-401.03,-134.34,-202.52,-64.17,50.04
15:05:43,CP_ALL,NORMAL_RUN3,6.914,0.0,520.58,92.96,334.06,93.56,0.727,1.843,0.496,231.04,230.78,232.21,,,,-400.6,-134.39,-202.08,-64.14,50.04
15:05:44,CP_ALL,NORMAL_RUN3,6.915,0.0,509.26,92.47,323.4,93.39,0.726,1.783,0.495,230.95,230.72,232.12,,,,-399.97,-134.12,-201.78,-64.08,50.04
15:05:45,CP_ALL,NORMAL_RUN3,6.912,0.0,507.43,92.49,321.34,93.6,0.726,1.771,0.496,231.02,230.79,232.2,,,,-400.28,-134.22,-201.89,-64.18,50.04
15:05:46,CP_ALL,NORMAL_RUN3,6.913,0.0,487.7,92.4,301.35,93.96,0.725,1.655,0.498,230.95,230.76,232.1,,,,-400.7,-134.12,-202.34,-64.23,50.04
15:05:47,CP_ALL,NORMAL_RUN3,6.914,0.0,501.51,92.5,315.05,93.95,0.726,1.734,0.498,230.94,230.7,232.04,,,,-400.31,-134.22,-201.9,-64.19,50.04
15:05:48,CP_ALL,NORMAL_RUN3,6.911,0.0,484.31,92.32,298.23,93.75,0.726,1.638,0.497,231.0,230.82,232.12,,,,-400.76,-134.17,-202.42,-64.17,50.04
15:05:49,CP_ALL,NORMAL_RUN3,6.91,0.0,480.83,92.44,294.56,93.83,0.726,1.621,0.497,230.94,230.79,232.06,,,,-400.62,-134.15,-202.32,-64.15,50.04
15:05:50,CP_ALL,NORMAL_RUN3,6.906,0.0,505.54,92.29,319.54,93.71,0.725,1.759,0.497,230.93,230.75,232.11,,,,-400.05,-134.01,-201.94,-64.09,50.04
15:05:51,CP_ALL,NORMAL_RUN3,6.909,0.0,506.38,92.3,320.36,93.72,0.725,1.771,0.497,231.04,230.83,232.16,,,,-400.73,-134.18,-202.38,-64.18,50.05
15:05:53,CP_ALL,NORMAL_RUN3,6.911,0.0,521.16,92.4,335.15,93.6,0.726,1.861,0.496,230.96,230.7,232.06,,,,-399.98,-134.15,-201.73,-64.09,50.04
15:05:54,CP_ALL,NORMAL_RUN3,6.909,0.0,505.08,92.49,319.08,93.52,0.727,1.76,0.496,231.06,230.81,232.13,,,,-400.43,-134.25,-202.08,-64.1,50.05
15:05:55,CP_ALL,NORMAL_RUN3,6.894,0.0,480.51,92.41,294.61,93.5,0.727,1.618,0.496,230.95,230.74,232.03,,,,-400.75,-134.08,-202.6,-64.06,50.04
15:05:56,CP_ALL,NORMAL_RUN3,6.909,0.0,494.99,92.4,308.91,93.68,0.727,1.699,0.497,231.05,230.81,232.14,,,,-400.81,-134.25,-202.42,-64.14,50.05
15:05:57,CP_ALL,NORMAL_RUN3,6.909,0.0,518.89,92.33,333.21,93.34,0.726,1.842,0.496,231.03,230.76,232.08,,,,-399.52,-134.14,-201.36,-64.03,50.05
15:05:58,CP_ALL,NORMAL_RUN3,6.906,0.0,523.72,92.41,337.59,93.73,0.726,1.872,0.497,230.91,230.68,232.05,,,,-399.45,-134.14,-201.22,-64.1,50.05
15:05:59,CP_ALL,NORMAL_RUN3,6.894,0.0,542.48,92.37,356.55,93.55,0.726,1.991,0.496,231.04,230.76,232.17,,,,-399.44,-134.27,-201.06,-64.11,50.05
15:06:00,CP_ALL,NORMAL_RUN3,6.894,0.0,495.01,92.25,309.02,93.74,0.725,1.704,0.497,230.91,230.7,232.03,,,,-400.08,-134.05,-201.91,-64.11,50.05
15:06:01,CP_ALL,NORMAL_RUN3,6.894,0.0,480.16,92.27,294.08,93.81,0.725,1.615,0.497,230.99,230.76,232.02,,,,-400.6,-134.09,-202.39,-64.12,50.05
15:06:02,CP_ALL,NORMAL_RUN3,6.902,0.0,480.97,92.35,294.73,93.9,0.725,1.619,0.498,230.91,230.71,231.94,,,,-400.41,-133.97,-202.29,-64.14,50.04
15:06:03,CP_ALL,NORMAL_RUN3,6.906,0.0,503.68,92.29,317.42,93.98,0.725,1.757,0.498,230.89,230.62,231.92,,,,-399.79,-133.98,-201.72,-64.09,50.04
15:06:04,CP_ALL,NORMAL_RUN3,6.904,0.0,546.33,92.48,359.87,93.98,0.726,2.013,0.498,230.93,230.58,231.97,,,,-398.79,-134.11,-200.63,-64.05,50.04
15:06:05,CP_ALL,NORMAL_RUN3,6.904,0.0,511.11,92.26,324.98,93.87,0.726,1.799,0.498,230.87,230.56,231.9,,,,-399.22,-134.01,-201.14,-64.07,50.04
15:06:06,CP_ALL,NORMAL_RUN3,6.904,0.0,512.99,92.39,326.6,94.0,0.726,1.805,0.498,230.9,230.56,231.91,,,,-399.13,-134.05,-200.98,-64.1,50.05
15:06:07,CP_ALL,NORMAL_RUN3,6.904,0.0,515.08,92.33,328.83,93.92,0.726,1.817,0.498,230.88,230.54,231.88,,,,-398.94,-133.97,-200.89,-64.08,50.04
15:06:08,CP_ALL,NORMAL_RUN3,6.904,0.0,493.46,92.43,307.25,93.78,0.726,1.691,0.497,230.87,230.59,231.88,,,,-399.76,-134.01,-201.65,-64.1,50.04
15:06:09,CP_ALL,NORMAL_RUN3,6.902,0.0,513.03,92.3,327.02,93.71,0.726,1.806,0.497,230.92,230.63,231.98,,,,-399.41,-134.13,-201.23,-64.06,50.04
15:06:10,CP_ALL,NORMAL_RUN3,6.903,0.0,484.56,92.35,297.42,94.78,0.726,1.634,0.501,230.81,230.61,231.85,,,,-399.97,-133.98,-201.8,-64.2,50.04
15:06:11,CP_ALL,NORMAL_RUN3,6.903,0.0,495.89,92.34,309.25,94.31,0.726,1.701,0.499,230.88,230.62,231.87,,,,-399.63,-134.01,-201.52,-64.1,50.04
15:06:12,CP_ALL,NORMAL_RUN3,6.901,0.0,503.47,92.35,316.95,94.17,0.726,1.747,0.499,230.87,230.63,231.87,,,,-399.46,-133.98,-201.39,-64.09,50.04
15:06:13,CP_ALL,NORMAL_RUN3,6.9,0.0,481.04,92.28,294.71,94.06,0.727,1.62,0.499,230.73,230.6,231.8,,,,-399.86,-133.87,-201.88,-64.1,50.04
15:06:14,CP_ALL,NORMAL_RUN3,6.899,0.0,497.46,92.46,311.24,93.76,0.727,1.715,0.497,230.9,230.72,232.0,,,,-399.82,-134.1,-201.62,-64.09,50.04
15:06:15,CP_ALL,NORMAL_RUN3,6.9,0.0,507.17,92.36,321.1,93.71,0.727,1.771,0.497,230.86,230.62,231.89,,,,-399.25,-133.97,-201.25,-64.03,50.04
15:06:16,CP_ALL,NORMAL_RUN3,6.901,0.0,528.29,92.22,342.54,93.53,0.725,1.899,0.496,230.86,230.53,231.9,,,,-399.07,-134.07,-201.02,-63.97,50.04
15:06:17,CP_ALL,NORMAL_RUN3,6.867,0.0,554.28,92.16,368.73,93.39,0.725,2.084,0.495,230.98,230.59,232.0,,,,-398.89,-134.13,-200.82,-63.95,50.05
15:06:18,CP_ALL,NORMAL_RUN3,6.899,0.0,513.43,89.53,330.41,93.49,0.716,1.828,0.496,230.8,230.5,231.87,,,,-398.79,-133.26,-201.56,-63.97,50.04
15:06:19,CP_ALL,NORMAL_RUN3,6.898,0.0,484.18,83.38,307.18,93.62,0.691,1.687,0.496,230.91,230.62,231.93,,,,-397.09,-130.67,-202.34,-64.08,50.05
15:06:20,CP_ALL,NORMAL_RUN3,6.892,0.0,514.15,70.36,350.39,93.4,0.634,1.956,0.495,230.97,230.55,231.94,,,,-389.36,-124.39,-200.99,-63.98,50.04
15:06:21,CP_ALL,NORMAL_RUN3,6.897,0.0,501.75,88.22,319.93,93.6,0.711,1.77,0.496,230.94,230.65,231.96,,,,-397.52,-131.41,-202.03,-64.08,50.04
15:06:22,CP_ALL,NORMAL_RUN3,6.9,0.0,488.95,102.22,293.03,93.7,0.766,1.608,0.497,230.92,230.69,231.95,,,,-404.27,-137.62,-202.54,-64.12,50.04
15:06:23,CP_ALL,NORMAL_RUN3,6.896,0.0,509.39,121.03,294.72,93.63,0.841,1.617,0.496,230.92,230.73,232.02,,,,-410.52,-144.06,-202.37,-64.08,50.04
15:06:24,CP_ALL,NORMAL_RUN3,6.899,0.0,517.73,102.91,321.22,93.6,0.77,1.777,0.496,230.97,230.66,232.04,,,,-404.44,-138.52,-201.86,-64.07,50.04
15:06:25,CP_ALL,NORMAL_RUN3,6.899,0.0,585.28,132.6,359.15,93.53,0.884,2.019,0.496,230.93,230.62,232.04,,,,-412.42,-147.3,-201.08,-64.03,50.04
15:06:26,CP_ALL,NORMAL_RUN3,6.895,0.0,545.04,140.4,310.94,93.71,0.912,1.707,0.497,230.88,230.69,231.98,,,,-414.72,-148.47,-202.14,-64.11,50.04
15:06:27,CP_ALL,NORMAL_RUN3,6.898,0.0,536.24,112.9,329.77,93.57,0.809,1.832,0.496,230.94,230.65,231.99,,,,-407.06,-141.22,-201.81,-64.03,50.04
15:06:28,CP_ALL,NORMAL_RUN3,6.896,0.0,541.72,95.08,353.0,93.64,0.738,1.993,0.496,230.88,230.5,231.92,,,,-400.97,-135.58,-201.38,-64.01,50.04
15:06:29,CP_ALL,NORMAL_RUN3,6.894,0.0,460.29,72.7,294.15,93.44,0.644,1.615,0.496,230.98,230.66,231.89,,,,-392.3,-125.83,-202.46,-64.02,50.05
15:06:30,CP_ALL,NORMAL_RUN3,6.897,0.0,484.16,69.05,321.39,93.71,0.628,1.78,0.497,230.95,230.56,231.88,,,,-389.47,-123.81,-201.67,-63.99,50.04
15:06:31,CP_ALL,NORMAL_RUN3,6.894,0.0,517.65,69.05,355.07,93.53,0.628,1.98,0.496,231.01,230.55,231.95,,,,-388.78,-123.86,-200.92,-64.0,50.05
15:06:32,CP_ALL,NORMAL_RUN3,6.894,0.0,516.56,81.99,341.16,93.41,0.685,1.894,0.495,231.01,230.61,231.97,,,,-394.76,-129.41,-201.36,-63.99,50.05
15:06:33,CP_ALL,NORMAL_RUN3,6.894,0.0,507.06,70.95,342.47,93.64,0.637,1.897,0.496,230.96,230.54,231.92,,,,-390.18,-124.84,-201.31,-64.02,50.04
15:06:34,CP_ALL,NORMAL_RUN3,6.884,0.0,509.03,85.92,329.49,93.62,0.703,1.817,0.496,231.07,230.67,232.08,,,,-399.22,-133.15,-201.99,-64.07,50.05
15:06:35,CP_ALL,NORMAL_RUN3,6.893,0.0,510.43,96.21,320.26,93.96,0.743,1.76,0.498,231.01,230.7,232.0,,,,-401.85,-135.7,-202.04,-64.1,50.05
15:06:36,CP_ALL,NORMAL_RUN3,6.894,0.0,514.34,119.2,301.06,94.09,0.834,1.653,0.498,230.88,230.69,231.93,,,,-409.82,-143.55,-202.11,-64.16,50.05
15:06:37,CP_ALL,NORMAL_RUN3,6.894,0.0,515.65,97.98,323.71,93.96,0.749,1.788,0.498,230.96,230.7,232.0,,,,-401.53,-136.37,-201.02,-64.15,50.05
15:06:38,CP_ALL,NORMAL_RUN3,6.894,0.0,485.24,94.11,296.86,94.27,0.733,1.633,0.499,230.88,230.61,231.9,,,,-400.72,-134.95,-201.57,-64.2,50.05
15:06:39,CP_ALL,NORMAL_RUN3,6.894,0.0,473.64,82.81,296.85,93.97,0.688,1.636,0.498,230.9,230.59,231.93,,,,-396.23,-130.48,-201.65,-64.11,50.05
15:06:40,CP_ALL,NORMAL_RUN3,6.879,0.0,485.01,69.66,321.9,93.45,0.631,1.778,0.496,230.92,230.58,231.91,,,,-389.03,-124.19,-200.85,-63.99,50.05
15:06:41,CP_ALL,NORMAL_RUN3,6.893,0.0,517.8,88.53,335.89,93.38,0.712,1.862,0.496,230.79,230.48,231.84,,,,-397.83,-133.25,-200.65,-63.93,50.05
15:06:42,CP_ALL,NORMAL_RUN3,6.893,0.0,544.65,107.87,343.15,93.63,0.789,1.91,0.496,230.93,230.63,232.02,,,,-404.47,-139.74,-200.68,-64.05,50.05
15:06:43,CP_ALL,NORMAL_RUN3,6.891,0.0,568.22,116.74,357.95,93.53,0.824,2.018,0.496,230.85,230.53,231.99,,,,-406.86,-142.69,-200.18,-63.99,50.05
15:06:44,CP_ALL,NORMAL_RUN3,6.888,0.0,503.33,104.96,304.88,93.48,0.779,1.688,0.496,230.84,230.59,231.94,,,,-404.22,-138.85,-201.34,-64.03,50.05
15:06:45,CP_ALL,NORMAL_RUN3,6.89,0.0,520.53,132.65,294.52,93.36,0.884,1.62,0.495,230.93,230.75,232.03,,,,-412.68,-146.88,-201.75,-64.05,50.05
15:06:46,CP_ALL,NORMAL_RUN3,6.891,0.0,571.04,140.44,338.96,91.63,0.911,1.884,0.488,230.85,230.63,231.96,,,,-412.84,-148.62,-200.55,-63.67,50.05
15:06:47,CP_ALL,NORMAL_RUN3,6.873,0.0,533.72,107.23,335.06,91.43,0.786,1.856,0.488,230.92,230.62,231.96,,,,-403.85,-139.45,-200.75,-63.65,50.05
15:06:48,CP_ALL,NORMAL_RUN3,6.869,0.0,506.23,95.09,319.6,91.54,0.737,1.769,0.488,230.96,230.68,232.06,,,,-400.09,-135.25,-201.12,-63.72,50.05
15:06:49,CP_ALL,NORMAL_RUN3,6.888,0.0,475.26,91.4,291.65,92.21,0.723,1.605,0.491,230.98,230.74,231.99,,,,-399.76,-133.9,-201.95,-63.92,50.05
15:06:50,CP_ALL,NORMAL_RUN3,6.879,0.0,542.47,87.55,363.7,91.22,0.709,2.054,0.487,231.02,230.61,232.03,,,,-396.82,-132.89,-200.31,-63.62,50.06
15:06:51,CP_ALL,NORMAL_RUN3,6.889,0.0,512.86,93.32,328.54,90.99,0.731,1.87,0.486,231.02,230.69,232.04,,,,-395.45,-135.1,-196.79,-63.56,50.06
15:06:52,CP_ALL,NORMAL_RUN3,6.841,0.0,418.9,96.92,231.01,90.96,0.744,1.338,0.486,230.93,230.82,231.96,,,,-391.71,-135.95,-192.1,-63.65,50.05
15:06:53,CP_ALL,NORMAL_RUN3,6.882,0.0,414.37,93.77,229.24,91.35,0.732,1.332,0.488,230.88,230.76,231.9,,,,-390.56,-134.72,-192.1,-63.74,50.05
15:06:54,CP_ALL,NORMAL_RUN3,6.881,0.0,415.22,93.25,230.28,91.69,0.729,1.336,0.489,230.93,230.84,231.96,,,,-390.69,-134.56,-192.3,-63.82,50.05
15:06:55,CP_ALL,NORMAL_RUN3,6.886,0.0,412.49,92.85,228.86,90.78,0.728,1.33,0.485,230.79,230.74,231.85,,,,-389.96,-134.33,-192.06,-63.57,50.05
15:06:56,CP_ALL,NORMAL_RUN3,6.887,0.0,421.49,92.85,238.43,90.21,0.728,1.372,0.483,230.97,230.86,232.01,,,,-391.9,-134.44,-193.95,-63.51,50.05
15:06:57,CP_ALL,NORMAL_RUN3,6.884,0.0,474.11,92.85,291.07,90.2,0.728,1.598,0.483,230.87,230.67,231.9,,,,-401.28,-134.38,-203.46,-63.44,50.05
15:06:58,CP_ALL,NORMAL_RUN3,6.888,0.0,557.57,92.98,374.08,90.51,0.728,2.11,0.484,230.78,230.41,231.85,,,,-400.89,-134.34,-203.17,-63.38,50.04
15:06:59,CP_ALL,NORMAL_RUN3,6.879,0.0,494.01,92.93,310.72,90.35,0.728,1.69,0.483,230.98,230.81,232.12,,,,-403.48,-134.49,-205.41,-63.58,50.05
15:07:00,CP_ALL,NORMAL_RUN3,6.886,0.0,497.81,93.55,313.24,91.03,0.73,1.708,0.486,230.85,230.66,231.93,,,,-403.14,-134.49,-205.02,-63.63,50.04
15:07:01,CP_ALL,NORMAL_RUN3,6.884,0.0,515.04,93.33,329.85,91.86,0.73,1.791,0.489,230.97,230.66,232.06,,,,-405.33,-134.61,-206.93,-63.79,50.04
15:07:02,CP_ALL,NORMAL_RUN3,6.883,0.0,509.73,93.44,324.52,91.76,0.73,1.761,0.489,230.84,230.59,231.92,,,,-405.09,-134.46,-206.9,-63.73,50.04
15:07:03,CP_ALL,NORMAL_RUN3,6.884,0.0,536.07,93.55,350.83,91.7,0.73,1.912,0.489,230.86,230.54,231.93,,,,-404.45,-134.51,-206.21,-63.73,50.04
15:07:04,CP_ALL,NORMAL_RUN3,6.883,0.0,520.85,93.48,336.02,91.35,0.73,1.822,0.487,230.92,230.62,232.01,,,,-404.83,-134.53,-206.64,-63.66,50.04
15:07:05,CP_ALL,NORMAL_RUN3,6.88,0.0,527.48,93.21,342.49,91.78,0.728,1.861,0.489,230.88,230.54,231.96,,,,-404.04,-134.25,-206.12,-63.67,50.04
15:07:06,CP_ALL,NORMAL_RUN3,6.879,0.0,498.89,87.9,319.32,91.67,0.71,1.747,0.489,230.94,230.67,232.02,,,,-400.37,-132.87,-203.76,-63.74,50.04
15:07:07,CP_ALL,NORMAL_RUN3,6.871,0.0,483.87,87.7,304.54,91.64,0.709,1.666,0.489,230.83,230.61,231.89,,,,-400.01,-132.73,-203.57,-63.71,50.03
15:07:08,CP_ALL,NORMAL_RUN3,6.881,0.0,514.23,93.51,328.99,91.72,0.729,1.814,0.489,230.88,230.58,231.93,,,,-400.85,-134.34,-202.79,-63.72,50.04
15:07:09,CP_ALL,NORMAL_RUN3,6.88,0.0,521.33,94.32,336.09,90.91,0.732,1.864,0.485,230.95,230.66,232.01,,,,-398.98,-134.72,-200.69,-63.58,50.04
15:07:10,CP_ALL,NORMAL_RUN3,6.879,0.0,482.64,93.12,298.75,90.77,0.729,1.647,0.485,230.86,230.66,231.93,,,,-399.19,-134.34,-201.29,-63.56,50.03
15:07:11,CP_ALL,NORMAL_RUN3,6.879,0.0,496.82,93.77,311.87,91.17,0.731,1.725,0.487,230.88,230.66,231.94,,,,-399.37,-134.47,-201.26,-63.64,50.03
15:07:12,CP_ALL,NORMAL_RUN3,6.876,0.0,569.05,93.77,383.9,91.38,0.731,2.178,0.487,230.94,230.57,232.01,,,,-398.06,-134.57,-199.89,-63.6,50.04
15:07:13,CP_ALL,NORMAL_RUN3,6.881,0.0,498.78,93.37,312.22,93.19,0.729,1.732,0.495,230.91,230.66,231.96,,,,-399.97,-134.43,-201.52,-64.01,50.03
15:07:14,CP_ALL,NORMAL_RUN3,6.874,0.0,503.95,92.87,317.66,93.42,0.728,1.754,0.495,231.01,230.75,232.05,,,,-400.01,-134.46,-201.49,-64.07,50.03
15:07:15,CP_ALL,NORMAL_RUN3,6.873,0.0,512.31,92.44,325.91,93.97,0.726,1.8,0.498,231.03,230.74,232.05,,,,-399.75,-134.39,-201.19,-64.17,50.04
15:07:16,CP_ALL,NORMAL_RUN3,6.88,0.0,511.13,92.66,325.03,93.45,0.727,1.796,0.496,231.02,230.74,232.03,,,,-399.47,-134.36,-201.05,-64.06,50.03
15:07:17,CP_ALL,NORMAL_RUN3,6.876,0.0,488.86,92.68,302.7,93.49,0.727,1.666,0.496,230.96,230.71,231.99,,,,-400.0,-134.42,-201.5,-64.09,50.03
15:07:18,CP_ALL,NORMAL_RUN3,6.877,0.0,492.31,92.55,305.95,93.81,0.727,1.684,0.497,231.09,230.83,232.13,,,,-400.18,-134.49,-201.5,-64.2,50.03
15:07:19,CP_ALL,NORMAL_RUN3,6.877,0.0,490.38,92.76,303.65,93.97,0.727,1.672,0.498,231.0,230.77,232.06,,,,-399.97,-134.42,-201.41,-64.14,50.03
15:07:20,CP_ALL,NORMAL_RUN3,6.877,0.0,474.62,92.61,288.24,93.77,0.727,1.588,0.497,230.92,230.71,231.98,,,,-400.04,-134.29,-201.64,-64.1,50.03
15:07:21,CP_ALL,NORMAL_RUN3,6.868,0.0,491.75,92.68,305.2,93.86,0.727,1.683,0.497,231.02,230.78,232.07,,,,-400.09,-134.41,-201.52,-64.17,50.03
15:07:22,CP_ALL,NORMAL_RUN3,6.875,0.0,497.17,92.59,311.53,93.06,0.727,1.72,0.494,231.04,230.77,232.06,,,,-399.71,-134.45,-201.29,-63.97,50.03
15:07:23,CP_ALL,NORMAL_RUN3,6.875,0.0,540.44,92.71,354.84,92.89,0.727,1.999,0.493,230.96,230.61,232.03,,,,-398.47,-134.35,-200.22,-63.9,50.03
15:07:24,CP_ALL,NORMAL_RUN3,6.874,0.0,516.69,92.43,331.38,92.88,0.726,1.843,0.493,231.09,230.79,232.16,,,,-399.75,-134.37,-201.37,-64.01,50.03
15:07:25,CP_ALL,NORMAL_RUN3,6.865,0.0,477.87,92.83,292.07,92.96,0.728,1.606,0.494,231.03,230.82,232.05,,,,-400.71,-134.44,-202.27,-64.0,50.02
15:07:26,CP_ALL,NORMAL_RUN3,6.867,0.0,481.94,92.67,296.39,92.88,0.727,1.632,0.493,231.1,230.86,232.1,,,,-400.76,-134.48,-202.28,-64.0,50.03
15:07:27,CP_ALL,NORMAL_RUN3,6.873,0.0,518.29,93.01,332.46,92.83,0.728,1.842,0.493,231.07,230.8,232.12,,,,-399.72,-134.58,-201.19,-63.95,50.03
15:07:28,CP_ALL,NORMAL_RUN3,6.872,0.0,530.22,92.86,344.45,92.91,0.728,1.916,0.493,231.03,230.71,232.05,,,,-398.88,-134.54,-200.39,-63.95,50.03
15:07:29,CP_ALL,NORMAL_RUN3,6.872,0.0,541.96,92.78,356.2,92.99,0.727,1.993,0.494,231.06,230.74,232.11,,,,-398.5,-134.51,-200.03,-63.95,50.03
15:07:30,CP_ALL,NORMAL_RUN3,6.865,0.0,506.96,92.93,320.98,93.06,0.728,1.781,0.494,230.99,230.76,232.07,,,,-399.22,-134.48,-200.75,-63.98,50.03
15:07:31,CP_ALL,NORMAL_RUN3,6.859,0.0,478.66,92.95,292.58,93.13,0.728,1.61,0.494,231.0,230.82,232.04,,,,-400.2,-134.51,-201.7,-63.99,50.03
15:07:33,CP_ALL,NORMAL_RUN3,6.862,0.0,479.27,93.73,292.27,93.26,0.731,1.608,0.495,231.07,230.86,232.07,,,,-400.57,-134.74,-201.77,-64.06,50.03
15:07:34,CP_ALL,NORMAL_RUN3,6.871,0.0,484.15,93.5,297.41,93.24,0.73,1.639,0.495,231.03,230.83,232.05,,,,-400.32,-134.56,-201.69,-64.07,50.02
15:07:35,CP_ALL,NORMAL_RUN3,6.869,0.0,538.97,92.92,352.72,93.33,0.728,1.97,0.495,231.08,230.74,232.06,,,,-398.55,-134.44,-200.11,-64.0,50.02
15:07:36,CP_ALL,NORMAL_RUN3,6.87,0.0,531.51,93.09,345.2,93.23,0.728,1.924,0.494,231.14,230.82,232.14,,,,-399.03,-134.64,-200.39,-64.0,50.02
15:07:37,CP_ALL,NORMAL_RUN3,6.868,0.0,509.92,93.21,323.27,93.44,0.729,1.787,0.496,231.06,230.81,232.06,,,,-399.63,-134.59,-200.99,-64.05,50.03
15:07:38,CP_ALL,NORMAL_RUN3,6.867,0.0,518.26,93.22,331.61,93.43,0.729,1.834,0.495,231.05,230.8,232.07,,,,-399.62,-134.56,-201.01,-64.05,50.03
15:07:39,CP_ALL,NORMAL_RUN3,6.867,0.0,501.02,93.16,314.74,93.12,0.729,1.736,0.494,231.09,230.85,232.11,,,,-400.35,-134.61,-201.69,-64.06,50.03
15:07:40,CP_ALL,NORMAL_RUN3,6.867,0.0,505.11,92.91,318.98,93.22,0.728,1.761,0.495,231.07,230.85,232.14,,,,-400.13,-134.55,-201.52,-64.06,50.04
15:07:41,CP_ALL,NORMAL_RUN3,6.867,0.0,488.96,92.55,302.86,93.55,0.727,1.667,0.496,231.06,230.84,232.09,,,,-400.17,-134.45,-201.65,-64.08,50.04
15:07:42,CP_ALL,NORMAL_RUN3,6.867,0.0,489.06,92.63,302.4,94.03,0.727,1.664,0.498,231.04,230.83,232.09,,,,-400.32,-134.46,-201.67,-64.19,50.04
15:07:43,CP_ALL,NORMAL_RUN3,6.867,0.0,510.91,92.67,324.81,93.43,0.727,1.796,0.495,231.07,230.79,232.09,,,,-399.6,-134.59,-200.92,-64.08,50.04
15:07:44,CP_ALL,NORMAL_RUN3,6.867,0.0,485.02,92.73,298.74,93.55,0.728,1.645,0.496,231.06,230.89,232.12,,,,-400.46,-134.51,-201.78,-64.17,50.05
15:07:45,CP_ALL,NORMAL_RUN3,6.867,0.0,488.42,92.54,302.56,93.32,0.727,1.669,0.495,231.07,230.89,232.13,,,,-400.07,-134.41,-201.56,-64.1,50.05
15:07:46,CP_ALL,NORMAL_RUN3,6.864,0.0,508.92,92.49,323.59,92.85,0.727,1.788,0.493,231.14,230.92,232.19,,,,-399.7,-134.48,-201.21,-64.0,50.05
15:07:47,CP_ALL,NORMAL_RUN3,6.863,0.0,526.14,92.52,340.52,93.09,0.727,1.888,0.494,231.13,230.85,232.15,,,,-399.61,-134.54,-201.06,-64.01,50.05
15:07:48,CP_ALL,NORMAL_RUN3,6.865,0.0,529.03,92.62,343.63,92.79,0.727,1.919,0.493,230.98,230.71,232.04,,,,-399.63,-134.39,-201.3,-63.94,50.05
15:07:49,CP_ALL,NORMAL_RUN3,6.866,0.0,538.49,92.32,353.3,92.87,0.727,1.979,0.493,230.99,230.67,232.04,,,,-399.69,-134.92,-200.85,-63.92,50.05
15:07:50,CP_ALL,NORMAL_RUN3,6.863,0.0,466.21,70.79,302.54,92.89,0.636,1.663,0.493,231.0,230.74,232.01,,,,-390.43,-124.77,-201.7,-63.96,50.05
15:07:51,CP_ALL,NORMAL_RUN3,6.864,0.0,491.11,68.76,329.53,92.82,0.627,1.838,0.493,231.03,230.7,232.03,,,,-388.58,-123.84,-200.83,-63.91,50.05
15:07:52,CP_ALL,NORMAL_RUN3,6.863,0.0,503.46,71.9,338.49,93.07,0.642,1.903,0.494,231.09,230.76,232.11,,,,-388.94,-124.03,-200.9,-64.01,50.05
15:07:53,CP_ALL,NORMAL_RUN3,6.862,0.0,468.73,84.35,291.18,93.2,0.696,1.601,0.495,230.96,230.82,232.05,,,,-395.94,-129.9,-201.96,-64.07,50.05
15:07:54,CP_ALL,NORMAL_RUN3,6.862,0.0,455.22,70.84,291.1,93.29,0.637,1.601,0.495,230.99,230.78,232.03,,,,-390.86,-124.87,-201.91,-64.07,50.05
15:07:55,CP_ALL,NORMAL_RUN3,6.849,0.0,479.49,86.16,300.08,93.25,0.703,1.655,0.495,230.99,230.78,232.05,,,,-398.88,-133.02,-201.79,-64.07,50.05
15:07:56,CP_ALL,NORMAL_RUN3,6.863,0.0,540.69,97.56,349.83,93.3,0.748,1.964,0.495,230.91,230.62,232.01,,,,-400.34,-136.21,-200.14,-63.99,50.05
15:07:57,CP_ALL,NORMAL_RUN3,6.858,0.0,536.66,119.11,324.25,93.3,0.834,1.8,0.495,230.91,230.73,232.05,,,,-408.29,-143.46,-200.78,-64.05,50.05
15:07:58,CP_ALL,NORMAL_RUN3,6.863,0.0,505.32,100.91,311.13,93.28,0.762,1.723,0.495,230.93,230.75,232.04,,,,-402.66,-137.17,-201.41,-64.08,50.06
15:07:59,CP_ALL,NORMAL_RUN3,6.862,0.0,576.19,129.87,353.24,93.08,0.879,1.987,0.494,230.88,230.66,232.02,,,,-411.57,-147.35,-200.25,-63.96,50.06
15:08:00,CP_ALL,NORMAL_RUN3,6.86,0.0,528.52,143.45,291.99,93.08,0.924,1.607,0.494,230.9,230.84,232.05,,,,-415.32,-149.29,-201.93,-64.1,50.06
15:08:01,CP_ALL,NORMAL_RUN3,6.854,0.0,510.41,120.2,296.71,93.5,0.837,1.635,0.496,230.92,230.79,232.03,,,,-409.54,-143.44,-202.0,-64.1,50.06
15:08:02,CP_ALL,NORMAL_RUN3,6.831,0.0,533.25,95.86,344.22,93.17,0.741,1.918,0.494,231.05,230.76,232.13,,,,-400.78,-135.85,-200.89,-64.04,50.06
15:08:03,CP_ALL,NORMAL_RUN3,6.858,0.0,534.14,92.87,348.39,92.88,0.729,1.94,0.493,230.97,230.69,232.09,,,,-399.16,-134.61,-200.56,-63.99,50.05
15:08:04,CP_ALL,NORMAL_RUN3,6.849,0.0,511.08,87.61,330.61,92.86,0.709,1.829,0.493,231.0,230.71,232.06,,,,-397.98,-132.88,-201.13,-63.98,50.05
15:08:05,CP_ALL,NORMAL_RUN3,6.86,0.0,514.96,90.97,331.03,92.96,0.724,1.832,0.494,231.01,230.68,232.1,,,,-399.6,-134.57,-201.06,-63.96,50.05
15:08:06,CP_ALL,NORMAL_RUN3,6.819,0.0,512.54,97.35,322.3,92.89,0.747,1.778,0.493,231.0,230.72,232.11,,,,-401.93,-136.52,-201.4,-64.01,50.05
15:08:07,CP_ALL,NORMAL_RUN3,6.842,0.0,486.72,94.18,299.19,93.35,0.734,1.646,0.495,231.12,230.85,232.1,,,,-401.14,-135.22,-201.81,-64.11,50.05
15:08:08,CP_ALL,NORMAL_RUN3,6.858,0.0,499.09,93.08,312.56,93.44,0.73,1.722,0.496,231.07,230.76,232.09,,,,-400.34,-134.84,-201.36,-64.13,50.05
15:08:09,CP_ALL,NORMAL_RUN3,6.858,0.0,494.33,92.77,308.03,93.53,0.729,1.698,0.496,231.04,230.76,232.06,,,,-400.28,-134.68,-201.47,-64.14,50.05
15:08:10,CP_ALL,NORMAL_RUN3,6.856,0.0,474.91,92.51,288.87,93.54,0.728,1.59,0.496,231.06,230.82,232.04,,,,-400.67,-134.64,-201.88,-64.15,50.05
15:08:11,CP_ALL,NORMAL_RUN3,6.85,0.0,496.23,92.5,310.73,93.01,0.727,1.714,0.494,230.96,230.7,232.01,,,,-399.81,-134.58,-201.25,-63.98,50.04
15:08:12,CP_ALL,NORMAL_RUN3,6.857,0.0,508.48,92.62,322.9,92.96,0.728,1.786,0.494,230.96,230.7,232.03,,,,-399.38,-134.55,-200.83,-64.0,50.05
15:08:13,CP_ALL,NORMAL_RUN3,6.857,0.0,528.06,92.63,342.41,93.01,0.728,1.901,0.494,230.73,230.45,231.83,,,,-398.57,-134.39,-200.28,-63.89,50.05
15:08:14,CP_ALL,NORMAL_RUN3,6.857,0.0,555.36,92.84,369.66,92.86,0.728,2.088,0.493,230.6,230.22,231.67,,,,-397.22,-134.28,-199.21,-63.74,50.04
15:08:15,CP_ALL,NORMAL_RUN3,6.856,0.0,502.49,92.77,316.74,92.99,0.728,1.757,0.494,230.75,230.48,231.78,,,,-399.22,-134.4,-200.93,-63.89,50.05
15:08:16,CP_ALL,NORMAL_RUN3,6.848,0.0,477.47,92.69,292.05,92.73,0.728,1.607,0.493,230.67,230.46,231.75,,,,-399.65,-134.34,-201.45,-63.85,50.04
15:08:17,CP_ALL,NORMAL_RUN3,6.855,0.0,504.41,92.67,320.31,91.43,0.728,1.776,0.488,230.67,230.38,231.74,,,,-398.53,-134.36,-200.61,-63.57,50.04
15:08:18,CP_ALL,NORMAL_RUN3,6.856,0.0,520.46,92.78,336.92,90.76,0.728,1.868,0.485,230.91,230.6,231.97,,,,-398.75,-134.62,-200.6,-63.52,50.04
15:08:19,CP_ALL,NORMAL_RUN3,6.856,0.0,517.89,92.84,334.34,90.71,0.729,1.854,0.485,230.91,230.65,231.97,,,,-398.72,-134.54,-200.66,-63.52,50.04
15:08:20,CP_ALL,NORMAL_RUN3,6.843,0.0,476.51,92.88,292.3,91.33,0.729,1.608,0.487,230.89,230.72,231.96,,,,-400.02,-134.55,-201.77,-63.7,50.04
15:08:21,CP_ALL,NORMAL_RUN3,6.854,0.0,509.22,92.76,325.49,90.96,0.728,1.804,0.486,230.99,230.72,232.02,,,,-399.32,-134.63,-201.11,-63.58,50.04
15:08:22,CP_ALL,NORMAL_RUN3,6.854,0.0,539.83,92.74,356.84,90.25,0.728,2.02,0.483,230.91,230.59,231.98,,,,-397.85,-134.59,-199.83,-63.43,50.04
15:08:23,CP_ALL,NORMAL_RUN3,6.851,0.0,418.63,92.72,235.53,90.38,0.728,1.358,0.484,231.1,231.04,232.11,,,,-390.64,-134.71,-192.28,-63.65,50.05
15:08:24,CP_ALL,NORMAL_RUN3,6.839,0.0,412.23,92.76,229.5,89.97,0.728,1.332,0.482,230.98,230.9,231.98,,,,-390.54,-134.63,-192.42,-63.48,50.05
15:08:25,CP_ALL,NORMAL_RUN3,6.847,0.0,413.89,92.5,230.54,90.86,0.728,1.336,0.486,231.04,230.97,232.06,,,,-390.8,-134.68,-192.56,-63.55,50.05
15:08:26,CP_ALL,NORMAL_RUN3,6.852,0.0,420.43,92.6,229.17,98.65,0.728,1.331,0.517,230.96,230.87,231.96,,,,-391.86,-134.6,-192.21,-65.05,50.05
15:08:27,CP_ALL,NORMAL_RUN3,6.849,0.0,420.24,92.69,229.03,98.52,0.728,1.33,0.516,231.0,230.95,231.98,,,,-391.8,-134.66,-192.13,-65.0,50.05
15:08:28,CP_ALL,NORMAL_RUN3,6.85,0.0,417.1,92.83,228.92,95.35,0.729,1.33,0.504,231.02,231.0,232.04,,,,-391.43,-134.78,-192.23,-64.42,50.05
15:08:29,CP_ALL,NORMAL_RUN3,6.843,0.0,411.15,92.85,228.83,89.47,0.73,1.33,0.48,230.95,230.94,231.99,,,,-390.14,-134.67,-192.14,-63.32,50.05
15:08:30,CP_ALL,NORMAL_RUN3,6.849,0.0,410.96,92.62,228.59,89.75,0.729,1.329,0.481,230.93,230.93,231.97,,,,-390.09,-134.57,-192.06,-63.46,50.06
15:08:31,CP_ALL,NORMAL_RUN3,6.851,0.0,410.34,92.65,228.34,89.34,0.729,1.328,0.48,230.89,230.91,231.98,,,,-390.02,-134.5,-192.15,-63.37,50.05
15:08:32,CP_ALL,NORMAL_RUN3,6.851,0.0,409.69,92.83,227.85,89.0,0.73,1.327,0.478,230.9,230.86,231.9,,,,-389.82,-134.54,-192.0,-63.28,50.05
15:08:33,CP_ALL,NORMAL_RUN3,6.85,0.0,411.03,93.04,228.26,89.73,0.731,1.328,0.481,230.91,230.89,231.93,,,,-390.1,-134.62,-192.01,-63.46,50.06
15:08:34,CP_ALL,NORMAL_RUN3,6.841,0.0,410.85,93.01,228.08,89.77,0.731,1.328,0.481,230.92,230.85,231.96,,,,-390.2,-134.63,-192.11,-63.45,50.05
15:08:35,CP_ALL,NORMAL_RUN3,6.843,0.0,410.84,92.99,228.21,89.64,0.73,1.328,0.481,230.92,230.84,231.93,,,,-389.89,-134.55,-191.89,-63.46,50.05
15:08:36,CP_ALL,NORMAL_RUN3,6.847,0.0,410.77,93.14,228.33,89.3,0.731,1.328,0.479,230.97,230.88,232.01,,,,-390.05,-134.64,-191.99,-63.42,50.05
15:08:37,CP_ALL,NORMAL_RUN3,6.844,0.0,409.45,92.81,228.4,88.24,0.729,1.328,0.475,230.91,230.86,231.95,,,,-389.8,-134.58,-192.05,-63.17,50.05
15:08:38,CP_ALL,NORMAL_RUN3,6.842,0.0,409.75,93.09,228.03,88.64,0.729,1.326,0.477,230.89,230.87,231.94,,,,-389.92,-134.68,-192.0,-63.24,50.05
15:08:39,CP_ALL,NORMAL_RUN3,6.838,0.0,410.71,93.4,228.62,88.69,0.73,1.329,0.477,230.93,230.92,231.98,,,,-390.32,-134.81,-192.21,-63.29,50.05
15:08:40,CP_ALL,NORMAL_RUN3,6.839,0.0,406.28,89.33,227.73,89.23,0.716,1.325,0.479,230.89,230.87,231.92,,,,-388.98,-133.55,-192.06,-63.38,50.05
15:08:41,CP_ALL,NORMAL_RUN3,6.84,0.0,406.87,90.22,228.39,88.26,0.718,1.327,0.475,230.94,230.92,231.97,,,,-388.67,-133.45,-192.04,-63.18,50.05
15:08:42,CP_ALL,NORMAL_RUN3,6.838,0.0,411.26,94.84,228.16,88.26,0.735,1.327,0.475,230.9,230.9,231.96,,,,-390.22,-134.92,-192.11,-63.19,50.05
15:08:43,CP_ALL,NORMAL_RUN3,6.84,0.0,410.32,93.17,228.51,88.64,0.73,1.329,0.477,230.9,230.91,231.98,,,,-390.17,-134.65,-192.24,-63.28,50.05
15:08:44,CP_ALL,NORMAL_RUN3,6.84,0.0,410.68,93.6,228.62,88.46,0.731,1.328,0.476,230.96,230.98,232.01,,,,-390.22,-134.77,-192.19,-63.26,50.06
15:08:45,CP_ALL,NORMAL_RUN3,6.84,0.0,410.97,94.5,227.97,88.5,0.734,1.326,0.476,230.9,230.88,231.92,,,,-390.25,-134.87,-192.1,-63.28,50.05
15:08:46,CP_ALL,NORMAL_RUN3,6.836,0.0,411.94,94.24,229.17,88.53,0.733,1.331,0.476,230.92,230.89,231.94,,,,-390.46,-134.83,-192.36,-63.27,50.05
15:08:47,CP_ALL,NORMAL_RUN3,6.836,0.0,411.72,93.91,229.26,88.55,0.732,1.332,0.476,230.97,230.98,232.01,,,,-390.76,-134.88,-192.62,-63.26,50.05
15:08:48,CP_ALL,NORMAL_RUN3,6.836,0.0,412.06,94.11,229.45,88.5,0.733,1.333,0.476,230.86,230.86,231.92,,,,-390.58,-134.8,-192.53,-63.25,50.04
15:08:49,CP_ALL,NORMAL_RUN3,6.836,0.0,410.01,93.01,228.68,88.33,0.729,1.329,0.475,230.88,230.88,231.95,,,,-389.97,-134.61,-192.17,-63.19,50.05
15:08:50,CP_ALL,NORMAL_RUN3,6.836,0.0,410.48,93.39,228.46,88.64,0.73,1.328,0.477,230.81,230.85,231.92,,,,-389.84,-134.55,-192.03,-63.26,50.04
15:08:51,CP_ALL,NORMAL_RUN3,6.835,0.0,411.49,94.16,228.89,88.44,0.733,1.33,0.476,230.93,230.98,231.99,,,,-390.35,-134.85,-192.27,-63.23,50.05
15:08:52,CP_ALL,NORMAL_RUN3,6.836,0.0,410.95,93.7,228.67,88.58,0.732,1.329,0.476,230.86,230.87,231.89,,,,-390.27,-134.73,-192.3,-63.24,50.04
15:08:53,CP_ALL,NORMAL_RUN3,6.836,0.0,412.0,93.53,229.89,88.58,0.731,1.334,0.476,230.9,230.92,231.92,,,,-390.43,-134.69,-192.52,-63.22,50.04
15:08:54,CP_ALL,NORMAL_RUN3,6.836,0.0,409.99,92.91,228.59,88.49,0.729,1.329,0.476,230.95,230.95,231.94,,,,-390.02,-134.53,-192.25,-63.23,50.04
15:08:55,CP_ALL,NORMAL_RUN3,6.831,0.0,411.19,93.33,229.26,88.6,0.73,1.332,0.477,230.88,230.96,231.86,,,,-390.52,-134.64,-192.63,-63.25,50.04
15:08:56,CP_ALL,NORMAL_RUN3,6.835,0.0,411.86,93.13,230.23,88.5,0.73,1.336,0.476,230.92,230.97,231.88,,,,-390.69,-134.66,-192.81,-63.23,50.04
15:08:57,CP_ALL,NORMAL_RUN3,6.836,0.0,412.42,93.28,230.55,88.59,0.73,1.337,0.477,230.93,230.98,231.89,,,,-390.89,-134.68,-192.97,-63.23,50.04
15:08:58,CP_ALL,NORMAL_RUN3,6.836,0.0,412.68,93.08,231.29,88.32,0.729,1.34,0.475,230.88,230.97,231.89,,,,-390.84,-134.55,-193.09,-63.2,50.04
15:08:59,CP_ALL,NORMAL_RUN3,6.836,0.0,412.19,92.63,230.99,88.57,0.728,1.339,0.476,230.93,231.01,231.96,,,,-390.88,-134.57,-193.04,-63.28,50.05
15:09:00,CP_ALL,NORMAL_RUN3,6.834,0.0,410.71,92.37,229.87,88.46,0.727,1.335,0.476,230.85,230.9,231.86,,,,-390.22,-134.36,-192.72,-63.14,50.04
15:09:01,CP_ALL,NORMAL_RUN3,6.832,0.0,411.5,92.61,230.25,88.64,0.728,1.336,0.477,230.93,231.01,231.94,,,,-390.67,-134.51,-192.89,-63.27,50.04
15:09:02,CP_ALL,NORMAL_RUN3,6.832,0.0,410.69,92.56,229.44,88.69,0.728,1.332,0.477,231.01,231.07,231.97,,,,-390.71,-134.6,-192.8,-63.31,50.05
15:09:03,CP_ALL,NORMAL_RUN3,6.832,0.0,410.61,92.44,229.76,88.41,0.727,1.334,0.476,230.94,231.0,231.91,,,,-390.52,-134.54,-192.77,-63.21,50.04
15:09:04,CP_ALL,NORMAL_RUN3,6.832,0.0,409.65,92.47,228.43,88.74,0.727,1.328,0.477,230.95,231.03,231.92,,,,-390.15,-134.52,-192.34,-63.3,50.04
15:09:05,CP_ALL,NORMAL_RUN3,6.829,0.0,409.6,92.43,228.59,88.58,0.727,1.329,0.477,230.9,230.97,231.88,,,,-390.17,-134.5,-192.44,-63.23,50.04
15:09:06,CP_ALL,NORMAL_RUN3,6.831,0.0,410.8,92.49,229.37,88.95,0.727,1.332,0.478,230.86,230.91,231.84,,,,-390.33,-134.42,-192.62,-63.29,50.04
15:09:07,CP_ALL,NORMAL_RUN3,6.831,0.0,409.94,92.5,228.25,89.19,0.728,1.327,0.479,230.85,230.91,231.81,,,,-389.84,-134.47,-192.08,-63.29,50.04
15:09:08,CP_ALL,NORMAL_RUN3,6.831,0.0,408.01,92.42,226.51,89.08,0.727,1.319,0.479,230.84,230.89,231.81,,,,-388.96,-134.34,-191.34,-63.28,50.04
15:09:09,CP_ALL,NORMAL_RUN3,6.831,0.0,406.29,92.52,224.73,89.05,0.728,1.309,0.478,230.96,230.99,231.97,,,,-388.48,-134.5,-190.63,-63.35,50.04
15:09:10,CP_ALL,NORMAL_RUN3,6.831,0.0,405.3,92.42,223.91,88.97,0.727,1.306,0.478,230.87,230.93,231.92,,,,-388.1,-134.37,-190.43,-63.3,50.03
15:09:11,CP_ALL,NORMAL_RUN3,6.831,0.0,405.74,92.52,224.11,89.11,0.727,1.307,0.479,230.9,231.0,231.96,,,,-388.22,-134.44,-190.42,-63.36,50.03
15:09:12,CP_ALL,NORMAL_RUN3,6.831,0.0,405.51,92.39,224.12,89.0,0.727,1.307,0.478,230.91,230.99,231.94,,,,-388.39,-134.5,-190.54,-63.36,50.03
15:09:13,CP_ALL,NORMAL_RUN3,6.831,0.0,406.12,92.72,224.22,89.18,0.728,1.307,0.479,230.85,230.92,231.89,,,,-388.3,-134.42,-190.55,-63.33,50.03
15:09:14,CP_ALL,NORMAL_RUN3,6.831,0.0,405.48,92.29,223.82,89.36,0.727,1.306,0.48,230.87,230.99,231.9,,,,-388.08,-134.41,-190.36,-63.31,50.03
15:09:15,CP_ALL,NORMAL_RUN3,6.831,0.0,405.5,92.45,223.72,89.33,0.727,1.305,0.479,230.79,230.87,231.84,,,,-387.92,-134.31,-190.28,-63.33,50.03
15:09:16,CP_ALL,NORMAL_RUN3,6.831,0.0,405.8,92.4,224.25,89.14,0.727,1.307,0.479,230.79,230.86,231.83,,,,-387.93,-134.3,-190.33,-63.3,50.03
15:09:17,CP_ALL,NORMAL_RUN3,6.831,0.0,405.73,92.52,224.3,88.91,0.727,1.308,0.478,230.81,230.88,231.85,,,,-387.85,-134.34,-190.28,-63.23,50.03
15:09:18,CP_ALL,NORMAL_RUN3,6.827,0.0,406.26,92.57,224.89,88.81,0.727,1.31,0.477,230.75,230.86,231.81,,,,-387.99,-134.32,-190.48,-63.2,50.02
15:09:19,CP_ALL,NORMAL_RUN3,6.826,0.0,405.7,92.57,224.44,88.69,0.727,1.308,0.477,230.85,230.91,231.91,,,,-387.95,-134.37,-190.35,-63.23,50.02
15:09:20,CP_ALL,NORMAL_RUN3,6.826,0.0,406.44,92.45,224.83,89.16,0.727,1.31,0.479,230.9,230.94,231.94,,,,-388.38,-134.37,-190.66,-63.36,50.02
15:09:21,CP_ALL,NORMAL_RUN3,6.826,0.0,407.61,92.45,226.78,88.39,0.727,1.317,0.476,230.86,230.91,231.92,,,,-388.37,-134.35,-190.78,-63.23,50.02
15:09:22,CP_ALL,NORMAL_RUN3,6.826,0.0,406.33,91.28,226.66,88.39,0.723,1.317,0.476,230.86,230.88,231.92,,,,-388.43,-134.43,-190.77,-63.24,50.02
15:09:23,CP_ALL,NORMAL_RUN3,6.826,0.0,392.32,77.28,226.59,88.45,0.663,1.316,0.476,230.88,230.89,231.93,,,,-381.75,-127.72,-190.82,-63.21,50.02
15:09:24,CP_ALL,NORMAL_RUN3,6.826,0.0,383.29,68.84,225.98,88.46,0.627,1.314,0.476,230.9,230.89,231.95,,,,-377.59,-123.67,-190.63,-63.28,50.02
15:09:25,CP_ALL,NORMAL_RUN3,6.826,0.0,385.1,70.32,226.26,88.51,0.633,1.315,0.476,230.92,230.9,231.94,,,,-377.83,-123.9,-190.7,-63.23,50.02
15:09:26,CP_ALL,NORMAL_RUN3,6.826,0.0,397.78,83.48,225.77,88.54,0.692,1.313,0.476,230.81,230.79,231.84,,,,-383.88,-130.27,-190.42,-63.19,50.02
15:09:28,CP_ALL,NORMAL_RUN3,6.824,0.0,384.94,69.88,226.56,88.5,0.632,1.316,0.476,230.91,230.88,231.91,,,,-378.01,-124.21,-190.62,-63.18,50.02
15:09:29,CP_ALL,NORMAL_RUN3,6.818,0.0,398.74,83.35,226.86,88.53,0.69,1.317,0.476,230.87,230.88,231.93,,,,-384.63,-130.65,-190.76,-63.23,50.02
15:09:30,CP_ALL,NORMAL_RUN3,6.826,0.0,415.07,99.79,226.88,88.39,0.757,1.317,0.476,230.81,230.87,231.9,,,,-390.67,-136.78,-190.66,-63.23,50.02
15:09:31,CP_ALL,NORMAL_RUN3,6.818,0.0,438.34,124.17,225.78,88.39,0.852,1.313,0.476,230.82,230.93,231.95,,,,-398.62,-144.84,-190.53,-63.25,50.03
15:09:32,CP_ALL,NORMAL_RUN3,6.796,0.0,411.6,97.1,225.75,88.74,0.746,1.313,0.477,230.9,230.98,231.99,,,,-390.02,-136.07,-190.63,-63.32,50.03
15:09:33,CP_ALL,NORMAL_RUN3,6.827,0.0,410.45,96.38,225.55,88.51,0.745,1.312,0.476,230.96,231.03,232.04,,,,-390.6,-136.56,-190.75,-63.29,50.03
15:09:34,CP_ALL,NORMAL_RUN3,6.801,0.0,407.71,93.97,225.38,88.35,0.732,1.312,0.476,230.84,230.94,231.97,,,,-388.76,-134.85,-190.66,-63.25,50.03
15:09:35,CP_ALL,NORMAL_RUN3,6.811,0.0,405.72,91.8,225.5,88.42,0.722,1.312,0.476,230.88,230.94,231.98,,,,-387.71,-133.78,-190.64,-63.28,50.03
15:09:36,CP_ALL,NORMAL_RUN3,6.814,0.0,402.04,87.95,225.64,88.44,0.708,1.313,0.476,230.81,230.88,231.92,,,,-386.5,-132.62,-190.65,-63.23,50.03
15:09:37,CP_ALL,NORMAL_RUN3,6.822,0.0,402.37,88.26,225.48,88.63,0.71,1.312,0.477,230.75,230.82,231.84,,,,-386.46,-132.78,-190.45,-63.23,50.03
15:09:38,CP_ALL,NORMAL_RUN3,6.797,0.0,409.19,95.35,225.49,88.35,0.738,1.312,0.476,230.79,230.85,231.88,,,,-389.02,-135.32,-190.47,-63.22,50.03
15:09:39,CP_ALL,NORMAL_RUN3,6.799,0.0,408.63,95.23,224.85,88.54,0.736,1.31,0.476,230.76,230.83,231.85,,,,-388.69,-135.12,-190.38,-63.19,50.03
15:09:40,CP_ALL,NORMAL_RUN3,6.823,0.0,407.44,93.32,225.64,88.48,0.729,1.313,0.476,230.8,230.86,231.91,,,,-387.98,-134.37,-190.36,-63.25,50.03
15:09:41,CP_ALL,NORMAL_RUN3,6.815,0.0,406.1,92.59,225.04,88.47,0.726,1.31,0.476,230.82,230.89,231.93,,,,-387.68,-134.05,-190.41,-63.22,50.03
15:09:42,CP_ALL,NORMAL_RUN3,6.82,0.0,405.84,92.38,224.87,88.58,0.725,1.31,0.477,230.77,230.86,231.89,,,,-387.38,-133.88,-190.27,-63.23,50.03
15:09:43,CP_ALL,NORMAL_RUN3,6.815,0.0,406.24,92.51,225.31,88.41,0.726,1.312,0.476,230.75,230.87,231.91,,,,-387.44,-133.84,-190.36,-63.24,50.03
15:09:44,CP_ALL,NORMAL_RUN3,6.819,0.0,406.58,92.39,225.68,88.52,0.726,1.314,0.476,230.74,230.82,231.86,,,,-387.44,-133.8,-190.46,-63.18,50.02
15:09:45,CP_ALL,NORMAL_RUN3,6.817,0.0,405.74,92.37,225.07,88.3,0.727,1.312,0.476,230.74,230.82,231.83,,,,-386.96,-133.71,-190.11,-63.14,50.03
